pope,title,subtitle,published_date,doc_type,format,link,source,pope_url,notes
Alexander IV,Inter Ea Quae Placita,,1255-04-06,document,html,https://www.papalencyclicals.net/alex04/alex4inter.htm,papalencyclicals,https://www.papalencyclicals.net/category/alex04,
Alexander IV,Petitionibus Vestris Benignum Impertientes,,1255-07-15,document,html,https://www.papalencyclicals.net/alex04/alex4petit.htm,papalencyclicals,https://www.papalencyclicals.net/category/alex04,
Alexander IV,Clara claris praeclara,,1255-09-26,document,html,https://www.papalencyclicals.net/alex04/clara-claris-praeclara.htm,papalencyclicals,https://www.papalencyclicals.net/category/alex04,
Alexander IV,Dignum Arbitramur et Congruum,,1955-09-22,document,html,https://www.papalencyclicals.net/alex04/alex4dignum.htm,papalencyclicals,https://www.papalencyclicals.net/category/alex04,
Alexander VI,Inter Caetera,,1493-05-04,document,html,https://www.papalencyclicals.net/alex06/alex06inter.htm,papalencyclicals,https://www.papalencyclicals.net/category/alex06,
Alexander VII,Super Cathedram Principis Apostolorum,,1659-09-09,document,html,https://www.papalencyclicals.net/alex07/alex07super.htm,papalencyclicals,https://www.papalencyclicals.net/category/alex07,
Benedict XII,Benedictus Deus,,1334-12-20,document,html,https://www.papalencyclicals.net/ben12/b12bdeus.htm,papalencyclicals,https://www.papalencyclicals.net/category/ben12,
Benedict XIV,UBI PRIMUM,,1740-12-03,document,html,https://www.papalencyclicals.net/ben14/b14ubiprl.htm,papalencyclicals,https://www.papalencyclicals.net/category/ben14,
Benedict XIV,Ubi Primum,,1740-12-03,document,html,https://www.papalencyclicals.net/ben14/b14ubipr.htm,papalencyclicals,https://www.papalencyclicals.net/category/ben14,
Benedict XIV,Non ambigimus,,1741-05-30,document,html,https://www.papalencyclicals.net/ben14/non-ambigimus.htm,papalencyclicals,https://www.papalencyclicals.net/category/ben14,
Benedict XIV,Pro eximia tua,,1741-06-30,document,html,https://www.papalencyclicals.net/ben14/pro-eximia-tua.htm,papalencyclicals,https://www.papalencyclicals.net/category/ben14,
Benedict XIV,Quanta Cura,,1741-06-30,document,html,https://www.papalencyclicals.net/ben14/b14quant.htm,papalencyclicals,https://www.papalencyclicals.net/category/ben14,
Benedict XIV,In suprema Universalis,,1741-08-22,document,html,https://www.papalencyclicals.net/ben14/in-suprema-universalis.htm,papalencyclicals,https://www.papalencyclicals.net/category/ben14,
Benedict XIV,Quamvis paternae,,1741-08-26,document,html,https://www.papalencyclicals.net/ben14/quamvis-paternae.htm,papalencyclicals,https://www.papalencyclicals.net/category/ben14,
Benedict XIV,Satis vobis compertum,,1741-11-17,document,html,https://www.papalencyclicals.net/ben14/satis-vobis-compertum.htm,papalencyclicals,https://www.papalencyclicals.net/category/ben14,
Benedict XIV,Etsi minime,,1742-02-07,document,html,https://www.papalencyclicals.net/ben14/etsi-minime.htm,papalencyclicals,https://www.papalencyclicals.net/category/ben14,
Benedict XIV,Certiores effecti,,1742-11-13,document,html,https://www.papalencyclicals.net/ben14/certiores-effecti.htm,papalencyclicals,https://www.papalencyclicals.net/category/ben14,
Benedict XIV,Cum illud semper,,1742-12-14,document,html,https://www.papalencyclicals.net/ben14/cum-illud-semper.htm,papalencyclicals,https://www.papalencyclicals.net/category/ben14,
Benedict XIV,Quemadmodum preces,,1743-03-23,document,html,https://www.papalencyclicals.net/ben14/quemadmodum-preces.htm,papalencyclicals,https://www.papalencyclicals.net/category/ben14,
Benedict XIV,Nimiam Licentiam,,1743-05-18,document,html,https://www.papalencyclicals.net/ben14/b14nimia.htm,papalencyclicals,https://www.papalencyclicals.net/category/ben14,
Benedict XIV,Inter omnigenas,,1744-02-02,document,html,https://www.papalencyclicals.net/ben14/inter-omnigenas.htm,papalencyclicals,https://www.papalencyclicals.net/category/ben14,
Benedict XIV,Cum semper oblatas,,1744-08-19,document,html,https://www.papalencyclicals.net/ben14/cum-semper-oblatas.htm,papalencyclicals,https://www.papalencyclicals.net/category/ben14,
Benedict XIV,In suprema Catholicae,,1744-11-20,document,html,https://www.papalencyclicals.net/ben14/in-suprema-catholicae.htm,papalencyclicals,https://www.papalencyclicals.net/category/ben14,
Benedict XIV,Cum multorum charitate,,1745-02-18,document,html,https://www.papalencyclicals.net/ben14/cum-multorum-charitate.htm,papalencyclicals,https://www.papalencyclicals.net/category/ben14,
Benedict XIV,Libentissime quidem,,1745-06-10,document,html,https://www.papalencyclicals.net/ben14/libentissime-quidem.htm,papalencyclicals,https://www.papalencyclicals.net/category/ben14,
Benedict XIV,Gravissimum supremi,,1745-09-08,document,html,https://www.papalencyclicals.net/ben14/gravissimum-supremi.htm,papalencyclicals,https://www.papalencyclicals.net/category/ben14,
Benedict XIV,Vix Pervenit,,1745-11-01,document,html,https://www.papalencyclicals.net/ben14/b14vixpe.htm,papalencyclicals,https://www.papalencyclicals.net/category/ben14,
Benedict XIV,Accepimus praestantium,,1746-07-16,document,html,https://www.papalencyclicals.net/ben14/accepimus-praestantium.htm,papalencyclicals,https://www.papalencyclicals.net/category/ben14,
Benedict XIV,Quemadmodum nihil,,1746-12-16,document,html,https://www.papalencyclicals.net/ben14/quemadmodum-nihil.htm,papalencyclicals,https://www.papalencyclicals.net/category/ben14,
Benedict XIV,Inter caetera,,1748-01-01,document,html,https://www.papalencyclicals.net/ben14/inter-caetera.htm,papalencyclicals,https://www.papalencyclicals.net/category/ben14,
Benedict XIV,Magnae Nobis,,1748-06-29,document,html,https://www.papalencyclicals.net/ben14/b14magna.htm,papalencyclicals,https://www.papalencyclicals.net/category/ben14,
Benedict XIV,Annus Qui Hunc,,1749-02-19,document,html,https://www.papalencyclicals.net/ben14/annus-qui-hunc.htm,papalencyclicals,https://www.papalencyclicals.net/category/ben14,
Benedict XIV,Officii nostri,,1749-03-15,document,html,https://www.papalencyclicals.net/ben14/officii-nostri.htm,papalencyclicals,https://www.papalencyclicals.net/category/ben14,
Benedict XIV,Peregrinantes,,1749-05-05,document,html,https://www.papalencyclicals.net/ben14/b14pereg.htm,papalencyclicals,https://www.papalencyclicals.net/category/ben14,
Benedict XIV,Apostolica Constitutio,,1749-06-26,document,html,https://www.papalencyclicals.net/ben14/b14apost.htm,papalencyclicals,https://www.papalencyclicals.net/category/ben14,
Benedict XIV,Gravissimo animi,,1749-10-31,document,html,https://www.papalencyclicals.net/ben14/gravissimo-animi.htm,papalencyclicals,https://www.papalencyclicals.net/category/ben14,
Benedict XIV,Inter praeteritos,,1749-12-03,document,html,https://www.papalencyclicals.net/ben14/inter-praeteritos.htm,papalencyclicals,https://www.papalencyclicals.net/category/ben14,
Benedict XIV,Benedictus Deus,,1750-12-25,document,html,https://www.papalencyclicals.net/ben14/benedictus-deus.htm,papalencyclicals,https://www.papalencyclicals.net/category/ben14,
Benedict XIV,Celebationem magni,,1751-01-01,document,html,https://www.papalencyclicals.net/ben14/celebationem-magni.htm,papalencyclicals,https://www.papalencyclicals.net/category/ben14,
Benedict XIV,Prodiit jamdudum,,1751-01-30,document,html,https://www.papalencyclicals.net/ben14/prodiit-jamdudum.htm,papalencyclicals,https://www.papalencyclicals.net/category/ben14,
Benedict XIV,Elapso proxime anno,,1751-02-20,document,html,https://www.papalencyclicals.net/ben14/elapso-proxime-anno.htm,papalencyclicals,https://www.papalencyclicals.net/category/ben14,
Benedict XIV,Providas Romanorum,,1751-03-18,document,html,https://www.papalencyclicals.net/ben14/providas-romanorum.htm,papalencyclicals,https://www.papalencyclicals.net/category/ben14,
Benedict XIV,Magno cum animi,,1751-06-02,document,html,https://www.papalencyclicals.net/ben14/magno-cum-animi.htm,papalencyclicals,https://www.papalencyclicals.net/category/ben14,
Benedict XIV,A Quo Primum,,1751-06-14,document,html,https://www.papalencyclicals.net/ben14/b14aquo.htm,papalencyclicals,https://www.papalencyclicals.net/category/ben14,
Benedict XIV,Sollicita ac provida,,1753-07-09,document,html,https://www.papalencyclicals.net/ben14/sollicita-ac-provida.htm,papalencyclicals,https://www.papalencyclicals.net/category/ben14,
Benedict XIV,Cum Religiosi,,1754-06-26,document,html,https://www.papalencyclicals.net/ben14/b14cumre.htm,papalencyclicals,https://www.papalencyclicals.net/category/ben14,
Benedict XIV,Quod Provinciale,,1754-08-01,document,html,https://www.papalencyclicals.net/ben14/b14quod.htm,papalencyclicals,https://www.papalencyclicals.net/category/ben14,
Benedict XIV,Allatae Sunt,,1755-07-26,document,html,https://www.papalencyclicals.net/ben14/b14allat.htm,papalencyclicals,https://www.papalencyclicals.net/category/ben14,
Benedict XIV,Quam ex sublimi,,1755-08-08,document,html,https://www.papalencyclicals.net/ben14/quam-ex-sublimi.htm,papalencyclicals,https://www.papalencyclicals.net/category/ben14,
Benedict XIV,Ex Quo,,1756-03-01,document,html,https://www.papalencyclicals.net/ben14/b14exquo.htm,papalencyclicals,https://www.papalencyclicals.net/category/ben14,
Benedict XIV,Ex Omnibus,,1756-10-16,document,html,https://www.papalencyclicals.net/ben14/b14exomn.htm,papalencyclicals,https://www.papalencyclicals.net/category/ben14,
Benedict XIV,Quam grave,,1757-08-02,document,html,https://www.papalencyclicals.net/ben14/quam-grave.htm,papalencyclicals,https://www.papalencyclicals.net/category/ben14,
Benedict XV,Ad Beatissimi Apostolorum,,1914-11-01,document,html,https://www.papalencyclicals.net/ben15/b15adbea.htm,papalencyclicals,https://www.papalencyclicals.net/category/ben15,
Benedict XV,Humani Generis Redemptionem,,1917-06-15,document,html,https://www.papalencyclicals.net/ben15/b15human.htm,papalencyclicals,https://www.papalencyclicals.net/category/ben15,
Benedict XV,Quod Iam Diu,,1918-11-01,document,html,https://www.papalencyclicals.net/ben15/b15iamdi.htm,papalencyclicals,https://www.papalencyclicals.net/category/ben15,
Benedict XV,In Hac Tanta,,1919-03-14,document,html,https://www.papalencyclicals.net/ben15/b15inhac.htm,papalencyclicals,https://www.papalencyclicals.net/category/ben15,
Benedict XV,Paterno Iam Diu,,1919-11-24,document,html,https://www.papalencyclicals.net/ben15/b15paidi.htm,papalencyclicals,https://www.papalencyclicals.net/category/ben15,
Benedict XV,"Pacem, Dei Munus Pulcherrimum",,1920-05-23,document,html,https://www.papalencyclicals.net/ben15/b15pulch.htm,papalencyclicals,https://www.papalencyclicals.net/category/ben15,
Benedict XV,Spiritus Paraclitus,,1920-09-15,document,html,https://www.papalencyclicals.net/ben15/b15spiri.htm,papalencyclicals,https://www.papalencyclicals.net/category/ben15,
Benedict XV,Principi Apostolorum Petro,,1920-10-05,document,html,https://www.papalencyclicals.net/ben15/b15prapp.htm,papalencyclicals,https://www.papalencyclicals.net/category/ben15,
Benedict XV,Annus Iam Plenus,,1920-12-01,document,html,https://www.papalencyclicals.net/ben15/b15anipl.htm,papalencyclicals,https://www.papalencyclicals.net/category/ben15,
Benedict XV,Sacra Propediem,,1921-01-16,document,html,https://www.papalencyclicals.net/ben15/b15sapro.htm,papalencyclicals,https://www.papalencyclicals.net/category/ben15,
Benedict XV,In Praeclara Summorum,,1921-04-30,document,html,https://www.papalencyclicals.net/ben15/b15summo.htm,papalencyclicals,https://www.papalencyclicals.net/category/ben15,
Benedict XV,Fausto Appetente Die,,1921-06-29,document,html,https://www.papalencyclicals.net/ben15/b15fadie.htm,papalencyclicals,https://www.papalencyclicals.net/category/ben15,
Benedict XVI,Africae Munus,,,other,html,http://www.vatican.va/holy_father/benedict_xvi/apost_exhortations/documents/hf_ben-xvi_exh_20111119_africae-munus_en.html,vatican,https://www.papalencyclicals.net/ben16,
Benedict XVI,Guide to Understanding Basic CDF Procedures concerning Sexual Abuse Allegations,Congregation on the Doctrine of the Faith,,other,html,http://www.vatican.va/resources/resources_guide-CDF-procedures_en.html,vatican,https://www.papalencyclicals.net/ben16,
Benedict XVI,Instruction Dignitas Personae on Certain Bioethical Questions,Congregation for the Doctrine of the Faith,,other,html,http://www.vatican.va/roman_curia/congregations/cfaith/documents/rc_con_cfaith_doc_20081208_dignitas-personae_en.html,vatican,https://www.papalencyclicals.net/ben16,
Benedict XVI,Letter to Bishops which accompanied Summorum Pontificum,,,other,html,http://www.vatican.va/holy_father/benedict_xvi/letters/2007/documents/hf_ben-xvi_let_20070707_lettera-vescovi_en.html,vatican,https://www.papalencyclicals.net/ben16,
Benedict XVI,Redactional Note on the Instruction Universae Ecclesiae,,,other,html,http://www.vatican.va/roman_curia/pontifical_commissions/ecclsdei/documents/rc_com_ecclsdei_doc_20110513_nota-universae-ecclesiae_en.html,vatican,https://www.papalencyclicals.net/ben16,
Benedict XVI,NOTA DOTTRINALE SU ALCUNI ASPETTI DELL’EVANGELIZZAZIONE,,2000-02-02,document,html,https://www.papalencyclicals.net/ben16/cdfdoctrineevang1207ital.htm,papalencyclicals,https://www.papalencyclicals.net/ben16,
Benedict XVI,Instruction Concerning the Criteria for the Discernment of Vocations with Regard to Persons with Homosexual Tendencies in View of Their Admission to the Seminary and to Holy Orders,,2005-11-04,other,html,https://www.papalencyclicals.net/Ben16/Instructions.htm,papalencyclicals,https://www.papalencyclicals.net/ben16,deduped
Benedict XVI,Deus Caritas Est,On Christian Love - God is Love,2005-12-25,encyclical,html,http://www.vatican.va/holy_father/benedict_xvi/encyclicals/documents/hf_ben-xvi_enc_20051225_deus-caritas-est_en.html,vatican,https://www.papalencyclicals.net/ben16,
Benedict XVI,Meeting with the Representatives of Science,Congregation for the Doctrine of the Faith,2006-09-12,other,html,http://www.vatican.va/holy_father/benedict_xvi/speeches/2006/september/documents/hf_ben-xvi_spe_20060912_university-regensburg_en.html,vatican,https://www.papalencyclicals.net/ben16,
Benedict XVI,Sacramentum Caritatis,Sacrament of Charity,2007-02-22,other,html,http://www.vatican.va/holy_father/benedict_xvi/apost_exhortations/documents/hf_ben-xvi_exh_20070222_sacramentum-caritatis_en.html,vatican,https://www.papalencyclicals.net/ben16,
Benedict XVI,"Letter to the Bishops, Priests, Consecrated Persons and the Lay Faithful in the People's Republic of China",,2007-05-27,other,html,http://www.vatican.va/holy_father/benedict_xvi/letters/2007/documents/hf_ben-xvi_let_20070527_china_en.html,vatican,https://www.papalencyclicals.net/ben16,
Benedict XVI,Motu Proprio,,2007-06-11,other,html,http://www.vatican.va/holy_father/benedict_xvi/motu_proprio/documents/hf_ben-xvi_motu-proprio_20070611_de-electione_lt.html,vatican,https://www.papalencyclicals.net/ben16,
Benedict XVI,Responses to some questions regarding certain aspects of the Doctrine of the Church,Sacrament of Charity,2007-06-29,other,html,http://www.vatican.va/roman_curia/congregations/cfaith/documents/rc_con_cfaith_doc_20070629_responsa-quaestiones_en.html,vatican,https://www.papalencyclicals.net/ben16,
Benedict XVI,Summorum Pontificum,,2007-07-07,other,html,https://www.papalencyclicals.net/Ben16/Ben16summorum.htm,papalencyclicals,https://www.papalencyclicals.net/ben16,deduped
Benedict XVI,Responses to Certain Questions of the United States Conference of Catholic Bishops Concerning Artificial Nutrition and Hydration,Congregation for the Doctrine of the Faith,2007-08-01,other,html,http://www.vatican.va/roman_curia/congregations/cfaith/documents/rc_con_cfaith_doc_20070801_risposte-usa_en.html,vatican,https://www.papalencyclicals.net/ben16,
Benedict XVI,Spe Salvi,Saved by Hope,2007-11-30,encyclical,html,http://www.vatican.va/holy_father/benedict_xvi/encyclicals/documents/hf_ben-xvi_enc_20071130_spe-salvi_en.html,vatican,https://www.papalencyclicals.net/ben16,
Benedict XVI,Doctrinal Note on Some Aspects of Evangelization,Congregation for the Doctrine of the Faith,2007-12-14,other,html,http://www.vatican.va/roman_curia/congregations/cfaith/documents/rc_con_cfaith_doc_20071203_nota-evangelizzazione_en.html,vatican,https://www.papalencyclicals.net/ben16,
Benedict XVI,Caritas in veritate,Charity in Truth,2009-06-29,encyclical,html,http://www.vatican.va/holy_father/benedict_xvi/encyclicals/documents/hf_ben-xvi_enc_20090629_caritas-in-veritate_en.html,vatican,https://www.papalencyclicals.net/ben16,
Benedict XVI,Anglicanorum Coetibus,,2009-11-04,other,html,http://www.vatican.va/holy_father/benedict_xvi/apost_constitutions/documents/hf_ben-xvi_apc_20091104_anglicanorum-coetibus_en.html,vatican,https://www.papalencyclicals.net/ben16,
Benedict XVI,Complementary Norms for the Apostolic Constitution Anglicanorum coetibus,Congregation for the Doctrine of the Faith,2009-11-04,other,html,http://www.vatican.va/roman_curia/congregations/cfaith/documents/rc_con_cfaith_doc_20091104_norme-anglicanorum-coetibus_en.html,vatican,https://www.papalencyclicals.net/ben16,
Benedict XVI,"Instruction on the application of the Apostolic Letter Summorum Pontificum of His Holiness Pope Benedict XVI given Motu Proprio (April 30, 2011)",,2011-04-30,other,html,http://www.vatican.va/roman_curia/pontifical_commissions/ecclsdei/documents/rc_com_ecclsdei_doc_20110430_istr-universae-ecclesiae_en.html,vatican,https://www.papalencyclicals.net/ben16,
Benedict XVI,"Proclamation of St John of Avila and St Hildegarde of Bingen as ""Doctors of the Church""",,2012-10-07,other,html,http://www.vatican.va/holy_father/benedict_xvi/homilies/2012/documents/hf_ben-xvi_hom_20121007_apertura-sinodo_en.html,vatican,https://www.papalencyclicals.net/ben16,
Benedict XVI,DOCTRINAL NOTE ON SOME ASPECTS OF EVANGELIZATION,,2013-07-28,document,html,https://www.papalencyclicals.net/ben16/cdfdoctrineevang1207.htm,papalencyclicals,https://www.papalencyclicals.net/ben16,
Bl. Pius IX,Qui Pluribus,,1846-11-09,document,html,https://www.papalencyclicals.net/pius09/p9quiplu.htm,papalencyclicals,https://www.papalencyclicals.net/category/pius09,
Bl. Pius IX,Praedecessores Nostros,,1847-03-25,document,html,https://www.papalencyclicals.net/pius09/p9praede.htm,papalencyclicals,https://www.papalencyclicals.net/category/pius09,
Bl. Pius IX,Ubi Primum,,1847-06-17,document,html,https://www.papalencyclicals.net/pius09/p9ubipr1.htm,papalencyclicals,https://www.papalencyclicals.net/category/pius09,
Bl. Pius IX,Ubi Primum,,1849-02-02,document,html,https://www.papalencyclicals.net/pius09/p9ubipr2.htm,papalencyclicals,https://www.papalencyclicals.net/category/pius09,
Bl. Pius IX,Nostis Et Nobiscum,,1849-12-08,document,html,https://www.papalencyclicals.net/pius09/p9nostis.htm,papalencyclicals,https://www.papalencyclicals.net/category/pius09,
Bl. Pius IX,Exultavit Cor Nostrum,,1851-11-21,document,html,https://www.papalencyclicals.net/pius09/p9exulta.htm,papalencyclicals,https://www.papalencyclicals.net/category/pius09,
Bl. Pius IX,Nemo Certe Ignorat,,1852-03-25,document,html,https://www.papalencyclicals.net/pius09/p9nemoce.htm,papalencyclicals,https://www.papalencyclicals.net/category/pius09,
Bl. Pius IX,Probe Noscitis Venerabiles,,1852-05-17,document,html,https://www.papalencyclicals.net/pius09/p9proben.htm,papalencyclicals,https://www.papalencyclicals.net/category/pius09,
Bl. Pius IX,Inter Multiplices,,1853-03-21,document,html,https://www.papalencyclicals.net/pius09/p9interm.htm,papalencyclicals,https://www.papalencyclicals.net/category/pius09,
Bl. Pius IX,Neminem Vestrum,,1854-02-02,document,html,https://www.papalencyclicals.net/pius09/p9nemini.htm,papalencyclicals,https://www.papalencyclicals.net/category/pius09,
Bl. Pius IX,Optime Noscitis,,1854-03-20,document,html,https://www.papalencyclicals.net/pius09/p9optim1.htm,papalencyclicals,https://www.papalencyclicals.net/category/pius09,
Bl. Pius IX,Apostolicae Nostrae Caritatis,,1854-08-01,document,html,https://www.papalencyclicals.net/pius09/p9aposto.htm,papalencyclicals,https://www.papalencyclicals.net/category/pius09,
Bl. Pius IX,Ineffabilis Deus,,1854-12-08,document,html,https://www.papalencyclicals.net/pius09/p9ineff.htm,papalencyclicals,https://www.papalencyclicals.net/category/pius09,
Bl. Pius IX,Optime Noscitis,,1855-11-05,document,html,https://www.papalencyclicals.net/pius09/p9optim2.htm,papalencyclicals,https://www.papalencyclicals.net/category/pius09,
Bl. Pius IX,Singulari Quidem,,1856-03-17,document,html,https://www.papalencyclicals.net/pius09/p9singul.htm,papalencyclicals,https://www.papalencyclicals.net/category/pius09,
Bl. Pius IX,Cum Nuper,,1858-01-20,document,html,https://www.papalencyclicals.net/pius09/p9cumnup.htm,papalencyclicals,https://www.papalencyclicals.net/category/pius09,
Bl. Pius IX,Cum Sancta Mater Ecclesia,,1858-04-27,document,html,https://www.papalencyclicals.net/pius09/p9cumsan.htm,papalencyclicals,https://www.papalencyclicals.net/category/pius09,
Bl. Pius IX,Amantissimi Redemptoris,,1858-05-03,document,html,https://www.papalencyclicals.net/pius09/p9amant1.htm,papalencyclicals,https://www.papalencyclicals.net/category/pius09,
Bl. Pius IX,Qui Nuper,,1859-06-18,document,html,https://www.papalencyclicals.net/pius09/p9quinup.htm,papalencyclicals,https://www.papalencyclicals.net/category/pius09,
Bl. Pius IX,Nullis Certe Verbis,,1860-01-19,document,html,https://www.papalencyclicals.net/pius09/p9nullis.htm,papalencyclicals,https://www.papalencyclicals.net/category/pius09,
Bl. Pius IX,Amantissimus,,1862-04-08,document,html,https://www.papalencyclicals.net/pius09/p9amant2.htm,papalencyclicals,https://www.papalencyclicals.net/category/pius09,
Bl. Pius IX,Quanto Conficiamur Moerore,,1863-08-10,document,html,https://www.papalencyclicals.net/pius09/p9quanto.htm,papalencyclicals,https://www.papalencyclicals.net/category/pius09,
Bl. Pius IX,Incredibili,,1863-09-17,document,html,https://www.papalencyclicals.net/pius09/p9incred.htm,papalencyclicals,https://www.papalencyclicals.net/category/pius09,
Bl. Pius IX,The Syllabus Of Errors,,1864-06-09,document,html,https://www.papalencyclicals.net/pius09/p9syll.htm,papalencyclicals,https://www.papalencyclicals.net/category/pius09,
Bl. Pius IX,Maximae Quidem,,1864-08-18,document,html,https://www.papalencyclicals.net/pius09/p9maxima.htm,papalencyclicals,https://www.papalencyclicals.net/category/pius09,
Bl. Pius IX,Quanta Cura,,1864-12-08,document,html,https://www.papalencyclicals.net/pius09/p9quanta.htm,papalencyclicals,https://www.papalencyclicals.net/category/pius09,
Bl. Pius IX,Meridionali Americae,,1865-09-30,document,html,https://www.papalencyclicals.net/pius09/p9meridi.htm,papalencyclicals,https://www.papalencyclicals.net/category/pius09,
Bl. Pius IX,Levate,,1867-09-27,document,html,https://www.papalencyclicals.net/pius09/p9levate.htm,papalencyclicals,https://www.papalencyclicals.net/category/pius09,
Bl. Pius IX,Respicientes,,1870-11-01,document,html,https://www.papalencyclicals.net/pius09/p9respic.htm,papalencyclicals,https://www.papalencyclicals.net/category/pius09,
Bl. Pius IX,Ubi Nos,,1871-05-15,document,html,https://www.papalencyclicals.net/pius09/p9ubinos.htm,papalencyclicals,https://www.papalencyclicals.net/category/pius09,
Bl. Pius IX,Beneficia Dei,,1871-06-04,document,html,https://www.papalencyclicals.net/pius09/p9benefi.htm,papalencyclicals,https://www.papalencyclicals.net/category/pius09,
Bl. Pius IX,Saepe Venerabiles Fratres,,1871-08-05,document,html,https://www.papalencyclicals.net/pius09/p9saepev.htm,papalencyclicals,https://www.papalencyclicals.net/category/pius09,
Bl. Pius IX,Quae In Patriarchatu,,1872-11-16,document,html,https://www.papalencyclicals.net/pius09/p9quaein.htm,papalencyclicals,https://www.papalencyclicals.net/category/pius09,
Bl. Pius IX,Quartus Supra,,1873-01-06,document,html,https://www.papalencyclicals.net/pius09/p9quartu.htm,papalencyclicals,https://www.papalencyclicals.net/category/pius09,
Bl. Pius IX,Etsi Multa,,1873-11-21,document,html,https://www.papalencyclicals.net/pius09/p9etsimu.htm,papalencyclicals,https://www.papalencyclicals.net/category/pius09,
Bl. Pius IX,Vix Dum A Nobis,,1874-03-07,document,html,https://www.papalencyclicals.net/pius09/p9vixdum.htm,papalencyclicals,https://www.papalencyclicals.net/category/pius09,
Bl. Pius IX,Omnem Sollicitudinem,,1874-05-13,document,html,https://www.papalencyclicals.net/pius09/p9omnems.htm,papalencyclicals,https://www.papalencyclicals.net/category/pius09,
Bl. Pius IX,Gravibus Ecclesiae,,1874-12-24,document,html,https://www.papalencyclicals.net/pius09/p9gravib.htm,papalencyclicals,https://www.papalencyclicals.net/category/pius09,
Bl. Pius IX,Quod Nunquam,,1875-02-08,document,html,https://www.papalencyclicals.net/pius09/p9quodnu.htm,papalencyclicals,https://www.papalencyclicals.net/category/pius09,
Bl. Pius IX,Graves Ac Diuturnae,,1875-03-23,document,html,https://www.papalencyclicals.net/pius09/p9graves.htm,papalencyclicals,https://www.papalencyclicals.net/category/pius09,
Bl. Pius IX,Dives In Misericordia Deus,,1877-11-16,document,html,https://www.papalencyclicals.net/pius09/dives-misericordia-deus.htm,papalencyclicals,https://www.papalencyclicals.net/category/pius09,
Boniface VIII,Unam Sanctam,,1302-11-18,document,html,https://www.papalencyclicals.net/bon08/b8unam.htm,papalencyclicals,https://www.papalencyclicals.net/category/bon08,
Clement V,Exivi de paradiso,,1305-06-05,document,html,https://www.papalencyclicals.net/clem05/exivi-e.htm,papalencyclicals,https://www.papalencyclicals.net/category/clem05,
Clement VIII,Ex Supernae Dispositionis Arbitrio,,1595-10-07,document,html,https://www.papalencyclicals.net/clem08/clem8exsuper.htm,papalencyclicals,https://www.papalencyclicals.net/category/clem08,
Clement XI,Unigenitus,,1713-09-08,document,html,https://www.papalencyclicals.net/clem11/c11unige.htm,papalencyclicals,https://www.papalencyclicals.net/category/clem11,
Clement XII,In eminenti,,1738-04-28,document,html,https://www.papalencyclicals.net/clem12/c12inemengl.htm,papalencyclicals,https://www.papalencyclicals.net/category/clem12,
Clement XIII,Venimus in altitudinem,,1758-09-11,document,html,https://www.papalencyclicals.net/clem13/venimus-in-altitudinem.htm,papalencyclicals,https://www.papalencyclicals.net/category/clem13,
Clement XIII,A Quo Die,,1758-09-13,document,html,https://www.papalencyclicals.net/clem13/c13aquod.htm,papalencyclicals,https://www.papalencyclicals.net/category/clem13,
Clement XIII,Pastoralis officii,,1759-03-21,document,html,https://www.papalencyclicals.net/clem13/pastoralis-officii.htm,papalencyclicals,https://www.papalencyclicals.net/category/clem13,
Clement XIII,Cum Primum,,1759-09-17,document,html,https://www.papalencyclicals.net/clem13/c13cumpr.htm,papalencyclicals,https://www.papalencyclicals.net/category/clem13,
Clement XIII,Appetente Sacro,,1759-12-20,document,html,https://www.papalencyclicals.net/clem13/c13appet.htm,papalencyclicals,https://www.papalencyclicals.net/category/clem13,
Clement XIII,In Dominico Agro,,1761-06-14,document,html,https://www.papalencyclicals.net/clem13/c13indom.htm,papalencyclicals,https://www.papalencyclicals.net/category/clem13,
Clement XIII,Quanto in dolore,,1762-06-09,document,html,https://www.papalencyclicals.net/clem13/quanto-in-dolore.htm,papalencyclicals,https://www.papalencyclicals.net/category/clem13,
Clement XIII,Ubi primum accepimus,,1764-01-14,document,html,https://www.papalencyclicals.net/clem13/ubi-primum-accepimus.htm,papalencyclicals,https://www.papalencyclicals.net/category/clem13,
Clement XIII,Quanta auxilii,,1765-05-08,document,html,https://www.papalencyclicals.net/clem13/quanta-auxilii.htm,papalencyclicals,https://www.papalencyclicals.net/category/clem13,
Clement XIII,Quam graviter,,1766-06-25,document,html,https://www.papalencyclicals.net/clem13/quam-graviter.htm,papalencyclicals,https://www.papalencyclicals.net/category/clem13,
Clement XIII,Christianae Reipublicae,,1766-11-25,document,html,https://www.papalencyclicals.net/clem13/c13chris.htm,papalencyclicals,https://www.papalencyclicals.net/category/clem13,
Clement XIII,Summa Quae,,1768-01-06,document,html,https://www.papalencyclicals.net/clem13/c13summa.htm,papalencyclicals,https://www.papalencyclicals.net/category/clem13,
Clement XIII,Accedamus cum fiducia,,1768-06-25,document,html,https://www.papalencyclicals.net/clem13/accedamus-cum-fiducia.htm,papalencyclicals,https://www.papalencyclicals.net/category/clem13,
Clement XIV,Decet Quam Maxime,,1769-09-21,document,html,https://www.papalencyclicals.net/clem14/c14decet.htm,papalencyclicals,https://www.papalencyclicals.net/category/clem14,
Clement XIV,Cum Summi,,1769-12-12,document,html,https://www.papalencyclicals.net/clem14/c14cumsu.htm,papalencyclicals,https://www.papalencyclicals.net/category/clem14,
Clement XIV,Inscrutabili Divinae Sapientiae,,1769-12-12,document,html,https://www.papalencyclicals.net/clem14/c14inscr.htm,papalencyclicals,https://www.papalencyclicals.net/category/clem14,
Clement XIV,Salutis Nostrae,,1774-04-30,document,html,https://www.papalencyclicals.net/clem14/c14salut.htm,papalencyclicals,https://www.papalencyclicals.net/category/clem14,
Eugene IV,Sicut Dudum,,1435-01-13,document,html,https://www.papalencyclicals.net/eugene04/eugene04sicut.htm,papalencyclicals,https://www.papalencyclicals.net/category/eugene04,
Francis,Lumen Fidei,The Light of Faith,2013-06-29,encyclical,html,http://w2.vatican.va/content/francesco/en/encyclicals/documents/papa-francesco_20130629_enciclica-lumen-fidei.html,vatican,https://www.papalencyclicals.net/franc,
Francis,Evangelii Gaudium,The Joy of the Gospel,2013-11-24,other,html,http://w2.vatican.va/content/francesco/en/apost_exhortations/documents/papa-francesco_esortazione-ap_20131124_evangelii-gaudium.html,vatican,https://www.papalencyclicals.net/franc,
Francis,Laudato si‘,Praise be to you – On Care For Our Common Home,2015-05-24,encyclical,html,http://w2.vatican.va/content/francesco/en/encyclicals/documents/papa-francesco_20150524_enciclica-laudato-si.html,vatican,https://www.papalencyclicals.net/franc,
Francis,Amoris laetitia,,2016-03-19,other,html,http://w2.vatican.va/content/francesco/en/apost_exhortations/documents/papa-francesco_esortazione-ap_20160319_amoris-laetitia.html,vatican,https://www.papalencyclicals.net/franc,
Francis,Misericordia et Misera,Mercy and Peace,2016-11-20,other,html,http://w2.vatican.va/content/francesco/en/apost_letters/documents/papa-francesco-lettera-ap_20161120_misericordia-et-misera.html,vatican,https://www.papalencyclicals.net/franc,
Francis,Placuit Deo,Congregation for the Doctrine of the Faith,2018-02-22,other,html,http://www.vatican.va/roman_curia/congregations/cfaith/documents/rc_con_cfaith_doc_20180222_placuit-deo_en.html,vatican,https://www.papalencyclicals.net/franc,
Francis,Fratelli tutti,On Fraternity and Social Friendship,2020-10-03,encyclical,html,http://www.vatican.va/content/francesco/en/encyclicals/documents/papa-francesco_20201003_enciclica-fratelli-tutti.html,vatican,https://www.papalencyclicals.net/franc,
Francis,Dilexit Nos,On the Human and Divine Love of the Heart of Jesus Christ,2024-10-24,encyclical,html,https://www.vatican.va/content/francesco/en/encyclicals/documents/20241024-enciclica-dilexit-nos.html,vatican,https://www.papalencyclicals.net/franc,
Gregory IX,Mira Circa Nos,,1228-07-16,document,html,https://www.papalencyclicals.net/greg09/g9mira.htm,papalencyclicals,https://www.papalencyclicals.net/category/greg09,
Gregory X,Papal Protection of the Jews,,1271-09-01,document,html,https://www.papalencyclicals.net/greg10/g10jprot.htm,papalencyclicals,https://www.papalencyclicals.net/category/greg10,
Gregory XIII,Inter Gravissimas,,1581-02-24,document,html,https://www.papalencyclicals.net/greg13/inter-gravissimas.htm,papalencyclicals,https://www.papalencyclicals.net/greg13,
Gregory XVI,Summo Iugiter Studio,,1832-05-27,document,html,https://www.papalencyclicals.net/greg16/g16summo.htm,papalencyclicals,https://www.papalencyclicals.net/category/greg16,
Gregory XVI,Cum Primum,,1832-06-09,document,html,https://www.papalencyclicals.net/greg16/g16cumpr.htm,papalencyclicals,https://www.papalencyclicals.net/category/greg16,
Gregory XVI,Mirari Vos,,1832-08-15,document,html,https://www.papalencyclicals.net/greg16/g16mirar.htm,papalencyclicals,https://www.papalencyclicals.net/category/greg16,
Gregory XVI,Quo Graviora,,1833-10-04,document,html,https://www.papalencyclicals.net/greg16/g16quogr.htm,papalencyclicals,https://www.papalencyclicals.net/category/greg16,
Gregory XVI,Singulari Nos,,1834-06-25,document,html,https://www.papalencyclicals.net/greg16/g16singu.htm,papalencyclicals,https://www.papalencyclicals.net/category/greg16,
Gregory XVI,Commissum Divinitus,,1835-05-17,document,html,https://www.papalencyclicals.net/greg16/g16commi.htm,papalencyclicals,https://www.papalencyclicals.net/category/greg16,
Gregory XVI,In Supremo Apostolatus,,1839-12-03,document,html,https://www.papalencyclicals.net/greg16/g16sup.htm,papalencyclicals,https://www.papalencyclicals.net/category/greg16,
Gregory XVI,Probe Nostis,,1840-09-18,document,html,https://www.papalencyclicals.net/greg16/g16probe.htm,papalencyclicals,https://www.papalencyclicals.net/category/greg16,
Gregory XVI,Quas Vestro,,1841-04-30,document,html,https://www.papalencyclicals.net/greg16/g16quasv.htm,papalencyclicals,https://www.papalencyclicals.net/category/greg16,
Gregory XVI,Inter Praecipuas,,1844-05-08,document,html,https://www.papalencyclicals.net/greg16/g16inter.htm,papalencyclicals,https://www.papalencyclicals.net/category/greg16,
Honorious III,Solet Annuere,,1226-11-29,document,html,https://www.papalencyclicals.net/hon03/regula-e.htm,papalencyclicals,https://www.papalencyclicals.net/category/hon03,
Innocent IV,Quae Honorem Conditoris Omnium,,1243-06-25,document,html,https://www.papalencyclicals.net/innoc04/i4carmrl.htm,papalencyclicals,https://www.papalencyclicals.net/category/innoc04,
Innocent XI,Sollicitudo pastoralis,,1679-11-20,document,html,https://www.papalencyclicals.net/innoc11/soll-l.htm,papalencyclicals,https://www.papalencyclicals.net/category/innoc11,
Innocent XI,Coelestis Pastor,,1687-11-20,document,html,https://www.papalencyclicals.net/innoc11/i11coel.htm,papalencyclicals,https://www.papalencyclicals.net/category/innoc11,
John XXII,Quia quorundam,,1316-12-04,document,html,https://www.papalencyclicals.net/john22/qquor-e.htm,papalencyclicals,https://www.papalencyclicals.net/category/john22,
John XXII,Summa providit altitudo consilii,,1333-12-02,document,html,https://www.papalencyclicals.net/john22/j22summa-l.htm,papalencyclicals,https://www.papalencyclicals.net/category/john22,
Leo X,Exsurge Domine,,1520-06-15,document,html,https://www.papalencyclicals.net/leo10/l10exdom.htm,papalencyclicals,https://www.papalencyclicals.net/category/leo10,
Leo X,Decet Romanum Pontificem,,1521-01-03,document,html,https://www.papalencyclicals.net/leo10/l10decet.htm,papalencyclicals,https://www.papalencyclicals.net/category/leo10,
Leo XII,Ubi Primum,,1824-05-05,document,html,https://www.papalencyclicals.net/leo12/l12ubipr.htm,papalencyclicals,https://www.papalencyclicals.net/category/leo12,
Leo XII,Quod Hoc Ineunte,,1824-05-24,document,html,https://www.papalencyclicals.net/leo12/l12quodh.htm,papalencyclicals,https://www.papalencyclicals.net/category/leo12,
Leo XII,Charitate Christi,,1825-12-25,document,html,https://www.papalencyclicals.net/leo12/l12chari.htm,papalencyclicals,https://www.papalencyclicals.net/category/leo12,
Leo XII,Quo Graviora,,1826-03-13,document,html,https://www.papalencyclicals.net/leo12/l12quogr.htm,papalencyclicals,https://www.papalencyclicals.net/category/leo12,
Leo XII,Quanta laetitia,,1827-02-13,document,html,https://www.papalencyclicals.net/leo12/quanta-laetitia.htm,papalencyclicals,https://www.papalencyclicals.net/category/leo12,
Leo XIII,Inscrutabili Dei Consilio,,1878-04-21,document,html,https://www.papalencyclicals.net/leo13/l13evl.htm,papalencyclicals,https://www.papalencyclicals.net/category/leo13,
Leo XIII,Quod Apostolici Muneris,,1878-12-28,document,html,https://www.papalencyclicals.net/leo13/l13apost.htm,papalencyclicals,https://www.papalencyclicals.net/category/leo13,
Leo XIII,Aeterni Patris,,1879-08-04,document,html,https://www.papalencyclicals.net/leo13/l13cph.htm,papalencyclicals,https://www.papalencyclicals.net/category/leo13,
Leo XIII,Arcanum,,1880-02-10,document,html,https://www.papalencyclicals.net/leo13/l13cmr.htm,papalencyclicals,https://www.papalencyclicals.net/category/leo13,
Leo XIII,Grande Munus,,1880-09-30,document,html,https://www.papalencyclicals.net/leo13/l13cym.htm,papalencyclicals,https://www.papalencyclicals.net/category/leo13,
Leo XIII,Sancta Dei Civitas,,1880-12-03,document,html,https://www.papalencyclicals.net/leo13/l13mis.htm,papalencyclicals,https://www.papalencyclicals.net/category/leo13,
Leo XIII,Diuturnum,,1881-06-29,document,html,https://www.papalencyclicals.net/leo13/l13civ.htm,papalencyclicals,https://www.papalencyclicals.net/category/leo13,
Leo XIII,Licet Multa,,1881-08-03,document,html,https://www.papalencyclicals.net/leo13/l13bel.htm,papalencyclicals,https://www.papalencyclicals.net/category/leo13,
Leo XIII,Etsi Nos,,1882-02-15,document,html,https://www.papalencyclicals.net/leo13/l13itl.htm,papalencyclicals,https://www.papalencyclicals.net/category/leo13,
Leo XIII,Auspicato Concessum,,1882-09-17,document,html,https://www.papalencyclicals.net/leo13/l13frc.htm,papalencyclicals,https://www.papalencyclicals.net/category/leo13,
Leo XIII,Cum Multa,,1882-12-08,document,html,https://www.papalencyclicals.net/leo13/l13spn.htm,papalencyclicals,https://www.papalencyclicals.net/category/leo13,
Leo XIII,Misericors Dei Filius,,1883-05-30,document,html,https://www.papalencyclicals.net/leo13/misericors-dei-filius.htm,papalencyclicals,https://www.papalencyclicals.net/category/leo13,
Leo XIII,Supremi Apostolatus Officio,,1883-09-01,document,html,https://www.papalencyclicals.net/leo13/l13supre.htm,papalencyclicals,https://www.papalencyclicals.net/category/leo13,
Leo XIII,Nobilissima Gallorum Gens,,1884-02-08,document,html,https://www.papalencyclicals.net/leo13/l13cfn.htm,papalencyclicals,https://www.papalencyclicals.net/category/leo13,
Leo XIII,Humanum Genus,,1884-04-20,document,html,https://www.papalencyclicals.net/leo13/l13human.htm,papalencyclicals,https://www.papalencyclicals.net/category/leo13,
Leo XIII,Superiore Anno,,1884-08-30,document,html,https://www.papalencyclicals.net/leo13/l13ro4.htm,papalencyclicals,https://www.papalencyclicals.net/category/leo13,
Leo XIII,Immortale Dei,,1885-11-01,document,html,https://www.papalencyclicals.net/leo13/l13sta.htm,papalencyclicals,https://www.papalencyclicals.net/category/leo13,
Leo XIII,Spectata Fides,,1885-11-27,document,html,https://www.papalencyclicals.net/leo13/l13edu.htm,papalencyclicals,https://www.papalencyclicals.net/category/leo13,
Leo XIII,Quod Auctoritate,,1885-12-22,document,html,https://www.papalencyclicals.net/leo13/l13jub.htm,papalencyclicals,https://www.papalencyclicals.net/category/leo13,
Leo XIII,Iampridem,,1886-01-06,document,html,https://www.papalencyclicals.net/leo13/l13ger.htm,papalencyclicals,https://www.papalencyclicals.net/category/leo13,
Leo XIII,Quod Multum,,1886-08-22,document,html,https://www.papalencyclicals.net/leo13/l13lib.htm,papalencyclicals,https://www.papalencyclicals.net/category/leo13,
Leo XIII,Pergrata,,1886-09-14,document,html,https://www.papalencyclicals.net/leo13/l13por.htm,papalencyclicals,https://www.papalencyclicals.net/category/leo13,
Leo XIII,Vi E Ben Noto,,1887-09-20,document,html,https://www.papalencyclicals.net/leo13/l13ros.htm,papalencyclicals,https://www.papalencyclicals.net/category/leo13,
Leo XIII,Officio Sanctissimo,,1887-12-22,document,html,https://www.papalencyclicals.net/leo13/l13bav.htm,papalencyclicals,https://www.papalencyclicals.net/category/leo13,
Leo XIII,Quod Anniversarius,,1888-04-01,document,html,https://www.papalencyclicals.net/leo13/l13ann.htm,papalencyclicals,https://www.papalencyclicals.net/category/leo13,
Leo XIII,In Plurimis,,1888-05-05,document,html,https://www.papalencyclicals.net/leo13/l13abl.htm,papalencyclicals,https://www.papalencyclicals.net/category/leo13,
Leo XIII,Libertas Praestantissimum,,1888-06-20,document,html,https://www.papalencyclicals.net/leo13/l13liber.htm,papalencyclicals,https://www.papalencyclicals.net/category/leo13,
Leo XIII,Saepe Nos,,1888-06-24,document,html,https://www.papalencyclicals.net/leo13/l13bct.htm,papalencyclicals,https://www.papalencyclicals.net/category/leo13,
Leo XIII,Quam Aerumnosa,,1888-12-10,document,html,https://www.papalencyclicals.net/leo13/l13imi.htm,papalencyclicals,https://www.papalencyclicals.net/category/leo13,
Leo XIII,Etsi Cunctas,,1888-12-21,document,html,https://www.papalencyclicals.net/leo13/l13ire.htm,papalencyclicals,https://www.papalencyclicals.net/category/leo13,
Leo XIII,Exeunte Iam Anno,,1888-12-25,document,html,https://www.papalencyclicals.net/leo13/l13rgt.htm,papalencyclicals,https://www.papalencyclicals.net/category/leo13,
Leo XIII,Magni Nobis,,1889-03-07,document,html,https://www.papalencyclicals.net/leo13/l13cat.htm,papalencyclicals,https://www.papalencyclicals.net/category/leo13,
Leo XIII,Quamquam Pluries,,1889-08-15,document,html,https://www.papalencyclicals.net/leo13/13jos.htm,papalencyclicals,https://www.papalencyclicals.net/category/leo13,
Leo XIII,Sapientiae Christianae,,1890-01-10,document,html,https://www.papalencyclicals.net/leo13/l13sapie.htm,papalencyclicals,https://www.papalencyclicals.net/category/leo13,
Leo XIII,Dall’alto Dell’apostolico Seggio,,1890-10-15,document,html,https://www.papalencyclicals.net/leo13/l13ms1.htm,papalencyclicals,https://www.papalencyclicals.net/category/leo13,
Leo XIII,Catholicae Ecclesiae,,1890-11-20,document,html,https://www.papalencyclicals.net/leo13/l13slv.htm,papalencyclicals,https://www.papalencyclicals.net/category/leo13,
Leo XIII,In Ipso,,1891-03-03,document,html,https://www.papalencyclicals.net/leo13/l13aus.htm,papalencyclicals,https://www.papalencyclicals.net/category/leo13,
Leo XIII,Rerum Novarum,,1891-05-15,document,html,https://www.papalencyclicals.net/leo13/l13rerum.htm,papalencyclicals,https://www.papalencyclicals.net/category/leo13,
Leo XIII,Pastoralis,,1891-06-25,document,html,https://www.papalencyclicals.net/leo13/l13relun.htm,papalencyclicals,https://www.papalencyclicals.net/category/leo13,
Leo XIII,Pastoralis Officii,,1891-09-12,document,html,https://www.papalencyclicals.net/leo13/l13dul.htm,papalencyclicals,https://www.papalencyclicals.net/category/leo13,
Leo XIII,Octobri Mense,,1891-09-22,document,html,https://www.papalencyclicals.net/leo13/l13ro1.htm,papalencyclicals,https://www.papalencyclicals.net/category/leo13,
Leo XIII,Au Milieu Des Sollicitudes,,1892-02-16,document,html,https://www.papalencyclicals.net/leo13/l13cst.htm,papalencyclicals,https://www.papalencyclicals.net/category/leo13,
Leo XIII,Quarto Abeunte Saeculo,,1892-07-16,document,html,https://www.papalencyclicals.net/leo13/l13col.htm,papalencyclicals,https://www.papalencyclicals.net/category/leo13,
Leo XIII,Magnae Dei Matris,,1892-09-08,document,html,https://www.papalencyclicals.net/leo13/l13ro2.htm,papalencyclicals,https://www.papalencyclicals.net/category/leo13,
Leo XIII,Custodi Di Quella Fede,,1892-11-08,document,html,https://www.papalencyclicals.net/leo13/l13ms3.htm,papalencyclicals,https://www.papalencyclicals.net/category/leo13,
Leo XIII,Inimica Vis,,1892-12-08,document,html,https://www.papalencyclicals.net/leo13/l13ms4.htm,papalencyclicals,https://www.papalencyclicals.net/category/leo13,
Leo XIII,Ad Extremas,,1893-06-24,document,html,https://www.papalencyclicals.net/leo13/l13nat.htm,papalencyclicals,https://www.papalencyclicals.net/category/leo13,
Leo XIII,Constanti Hungarorum,,1893-09-02,document,html,https://www.papalencyclicals.net/leo13/l13hun.htm,papalencyclicals,https://www.papalencyclicals.net/category/leo13,
Leo XIII,Laetitiae Sanctae,,1893-09-08,document,html,https://www.papalencyclicals.net/leo13/l13ro3.htm,papalencyclicals,https://www.papalencyclicals.net/category/leo13,
Leo XIII,Providentissimus Deus,,1893-11-18,document,html,https://www.papalencyclicals.net/leo13/l13provi.htm,papalencyclicals,https://www.papalencyclicals.net/category/leo13,
Leo XIII,Praeclara Gratulationis Publicae,,1894-06-20,document,html,https://www.papalencyclicals.net/leo13/l13praec.htm,papalencyclicals,https://www.papalencyclicals.net/category/leo13,
Leo XIII,Litteras A Vobis,,1894-07-02,document,html,https://www.papalencyclicals.net/leo13/l13brz.htm,papalencyclicals,https://www.papalencyclicals.net/category/leo13,
Leo XIII,Iucunda Semper Expectatione,,1894-09-08,document,html,https://www.papalencyclicals.net/leo13/l13ro5.htm,papalencyclicals,https://www.papalencyclicals.net/category/leo13,
Leo XIII,Orientalium Dignitas,,1894-11-30,document,html,https://www.papalencyclicals.net/leo13/l13orient.htm,papalencyclicals,https://www.papalencyclicals.net/category/leo13,
Leo XIII,Christi Nomen,,1894-12-24,document,html,https://www.papalencyclicals.net/leo13/l13eas.htm,papalencyclicals,https://www.papalencyclicals.net/category/leo13,
Leo XIII,Longinqua,,1895-01-06,document,html,https://www.papalencyclicals.net/leo13/longinqua.htm,papalencyclicals,https://www.papalencyclicals.net/category/leo13,
Leo XIII,Amantissimae Voluntatis,,1895-04-27,document,html,https://www.papalencyclicals.net/leo13/l13amantissima.htm,papalencyclicals,https://www.papalencyclicals.net/category/leo13,
Leo XIII,Permoti Nos,,1895-07-10,document,html,https://www.papalencyclicals.net/leo13/l13permo.htm,papalencyclicals,https://www.papalencyclicals.net/category/leo13,
Leo XIII,Adiutricem,,1895-09-05,document,html,https://www.papalencyclicals.net/leo13/l13adiut.htm,papalencyclicals,https://www.papalencyclicals.net/category/leo13,
Leo XIII,Insignes,,1896-05-01,document,html,https://www.papalencyclicals.net/leo13/l13insig.htm,papalencyclicals,https://www.papalencyclicals.net/category/leo13,
Leo XIII,Satis Cognitum,,1896-06-29,document,html,https://www.papalencyclicals.net/leo13/l13satis.htm,papalencyclicals,https://www.papalencyclicals.net/category/leo13,
Leo XIII,Apostolicae Curae,,1896-09-15,document,html,https://www.papalencyclicals.net/leo13/l13curae.htm,papalencyclicals,https://www.papalencyclicals.net/category/leo13,
Leo XIII,Fidentem Piumque Animum,,1896-09-20,document,html,https://www.papalencyclicals.net/leo13/l13fiden.htm,papalencyclicals,https://www.papalencyclicals.net/category/leo13,
Leo XIII,Divinum Illud Munus,,1897-05-09,document,html,https://www.papalencyclicals.net/leo13/l13divin.htm,papalencyclicals,https://www.papalencyclicals.net/category/leo13,
Leo XIII,Militantis Ecclesiae,,1897-08-01,document,html,https://www.papalencyclicals.net/leo13/l13milit.htm,papalencyclicals,https://www.papalencyclicals.net/category/leo13,
Leo XIII,Augustissimae Virginis Mariae,,1897-09-12,document,html,https://www.papalencyclicals.net/leo13/l13augus.htm,papalencyclicals,https://www.papalencyclicals.net/category/leo13,
Leo XIII,Affari Vos,,1897-12-08,document,html,https://www.papalencyclicals.net/leo13/l13affar.htm,papalencyclicals,https://www.papalencyclicals.net/category/leo13,
Leo XIII,Caritatis Studium,,1898-06-25,document,html,https://www.papalencyclicals.net/leo13/l13carit.htm,papalencyclicals,https://www.papalencyclicals.net/category/leo13,
Leo XIII,Spesse Volte,,1898-08-05,document,html,https://www.papalencyclicals.net/leo13/l13spess.htm,papalencyclicals,https://www.papalencyclicals.net/category/leo13,
Leo XIII,Quam Religiosa,,1898-08-16,document,html,https://www.papalencyclicals.net/leo13/l13quamr.htm,papalencyclicals,https://www.papalencyclicals.net/category/leo13,
Leo XIII,Diuturni Temporis,,1898-09-05,document,html,https://www.papalencyclicals.net/leo13/l13diutu.htm,papalencyclicals,https://www.papalencyclicals.net/category/leo13,
Leo XIII,Quum Diuturnum,,1898-12-25,document,html,https://www.papalencyclicals.net/leo13/l13quumd.htm,papalencyclicals,https://www.papalencyclicals.net/category/leo13,
Leo XIII,Testem Benevolentiae Nostrae,,1899-01-22,document,html,https://www.papalencyclicals.net/leo13/l13teste.htm,papalencyclicals,https://www.papalencyclicals.net/category/leo13,
Leo XIII,Annum Sacrum,,1899-05-25,document,html,https://www.papalencyclicals.net/leo13/l13annum.htm,papalencyclicals,https://www.papalencyclicals.net/category/leo13,
Leo XIII,Depuis Le Jour,,1899-09-08,document,html,https://www.papalencyclicals.net/leo13/l13depui.htm,papalencyclicals,https://www.papalencyclicals.net/category/leo13,
Leo XIII,Paternae,,1899-09-18,document,html,https://www.papalencyclicals.net/leo13/l13pater.htm,papalencyclicals,https://www.papalencyclicals.net/category/leo13,
Leo XIII,Omnibus Compertum,,1900-07-21,document,html,https://www.papalencyclicals.net/leo13/l13compe.htm,papalencyclicals,https://www.papalencyclicals.net/category/leo13,
Leo XIII,Tametsi Futura Prospicientibus,,1900-11-01,document,html,https://www.papalencyclicals.net/leo13/l13tamet.htm,papalencyclicals,https://www.papalencyclicals.net/category/leo13,
Leo XIII,Graves De Communi Re,,1901-01-18,document,html,https://www.papalencyclicals.net/leo13/l13grcom.htm,papalencyclicals,https://www.papalencyclicals.net/category/leo13,
Leo XIII,Gravissimas,,1901-05-16,document,html,https://www.papalencyclicals.net/leo13/l13grvis.htm,papalencyclicals,https://www.papalencyclicals.net/category/leo13,
Leo XIII,Reputantiubus,,1901-08-20,document,html,https://www.papalencyclicals.net/leo13/l13reput.htm,papalencyclicals,https://www.papalencyclicals.net/category/leo13,
Leo XIII,Urbanitatis Veteris,,1901-11-20,document,html,https://www.papalencyclicals.net/leo13/l13urban.htm,papalencyclicals,https://www.papalencyclicals.net/category/leo13,
Leo XIII,In Amplissimo,,1902-04-15,document,html,https://www.papalencyclicals.net/leo13/l13inamp.htm,papalencyclicals,https://www.papalencyclicals.net/category/leo13,
Leo XIII,Quod Votis,,1902-04-30,document,html,https://www.papalencyclicals.net/leo13/l13quovo.htm,papalencyclicals,https://www.papalencyclicals.net/category/leo13,
Leo XIII,Mirae Caritatis,,1902-05-28,document,html,https://www.papalencyclicals.net/leo13/l13mirae.htm,papalencyclicals,https://www.papalencyclicals.net/category/leo13,
Leo XIII,Quae Ad Nos,,1902-11-22,document,html,https://www.papalencyclicals.net/leo13/l13qunos.htm,papalencyclicals,https://www.papalencyclicals.net/category/leo13,
Leo XIII,Fin Dal Principio,,1902-12-08,document,html,https://www.papalencyclicals.net/leo13/l13fidal.htm,papalencyclicals,https://www.papalencyclicals.net/category/leo13,
Leo XIII,Dum Multa,,1902-12-24,document,html,https://www.papalencyclicals.net/leo13/l13multa.htm,papalencyclicals,https://www.papalencyclicals.net/category/leo13,
Leo XIV,Magnifica Humanitas,On Safeguarding the Human Person in the Time of Artificial Intelligence,2026-05-15,encyclical,html,https://www.vatican.va/content/leo-xiv/en/encyclicals/documents/20260515-magnifica-humanitas.html,vatican,https://www.papalencyclicals.net/leo14,
Nicholas III,Exiit qui seminat,,1279-08-14,document,html,https://www.papalencyclicals.net/nichol03/exiit-e.htm,papalencyclicals,https://www.papalencyclicals.net/category/nichol03,
Nicholas IV,Supra Montem,,2017-06-16,document,html,https://www.papalencyclicals.net/nichol04/supra-motem.htm,papalencyclicals,https://www.papalencyclicals.net/category/nichol04,
Nicholas V,Romanus Pontifex,,2017-06-16,document,html,https://www.papalencyclicals.net/nichol05/romanus-pontifex.htm,papalencyclicals,https://www.papalencyclicals.net/category/nichol05,
Paul III,Sublimis Deus,,1537-05-29,document,html,https://www.papalencyclicals.net/paul03/p3subli.htm,papalencyclicals,https://www.papalencyclicals.net/category/paul03,
Paul III,In apostolatus culmine,,1538-10-29,document,html,https://www.papalencyclicals.net/paul03/p3inapost.htm,papalencyclicals,https://www.papalencyclicals.net/category/paul03,
Paul VI,Sollicitudo pastoralis,,1679-11-20,document,html,https://www.papalencyclicals.net/paul06/soll-e.htm,papalencyclicals,https://www.papalencyclicals.net/category/paul06,
Paul VI,IN EMINENTI,,1738-04-28,document,html,https://www.papalencyclicals.net/paul06/in-eminenti.htm,papalencyclicals,https://www.papalencyclicals.net/category/paul06,
Paul VI,Pastorale Munus,,1963-11-30,document,html,https://www.papalencyclicals.net/paul06/pasmunus.htm,papalencyclicals,https://www.papalencyclicals.net/category/paul06,
Paul VI,Reflections at Nazareth,,1964-01-05,document,html,https://www.papalencyclicals.net/paul06/p6reflect.htm,papalencyclicals,https://www.papalencyclicals.net/category/paul06,
Paul VI,Sacram Liturgiam,,1964-01-25,document,html,https://www.papalencyclicals.net/paul06/p6saclit.htm,papalencyclicals,https://www.papalencyclicals.net/category/paul06,
Paul VI,On Religious Life,,1964-05-23,document,html,https://www.papalencyclicals.net/paul06/p6relig.htm,papalencyclicals,https://www.papalencyclicals.net/category/paul06,
Paul VI,Ecclesiam Suam,,1964-08-06,document,html,https://www.papalencyclicals.net/paul06/p6eccles.htm,papalencyclicals,https://www.papalencyclicals.net/category/paul06,
Paul VI,Mense Maio,,1965-04-30,document,html,https://www.papalencyclicals.net/paul06/p6month.htm,papalencyclicals,https://www.papalencyclicals.net/category/paul06,
Paul VI,Mysterium Fidei,,1965-09-03,document,html,https://www.papalencyclicals.net/paul06/p6myster.htm,papalencyclicals,https://www.papalencyclicals.net/category/paul06,
Paul VI,Address During The Last General Meeting Of Vatican II,,1965-12-07,document,html,https://www.papalencyclicals.net/paul06/p6tolast.htm,papalencyclicals,https://www.papalencyclicals.net/category/paul06,
Paul VI,Paenitemini,,1966-02-17,document,html,https://www.papalencyclicals.net/paul06/p6paen.htm,papalencyclicals,https://www.papalencyclicals.net/category/paul06,
Paul VI,Voi Forse Sapete,,1966-06-01,document,html,https://www.papalencyclicals.net/paul06/p6voi.htm,papalencyclicals,https://www.papalencyclicals.net/category/paul06,
Paul VI,Ecclesiae Sanctae,,1966-08-06,document,html,https://www.papalencyclicals.net/paul06/p6ecclss.htm,papalencyclicals,https://www.papalencyclicals.net/category/paul06,
Paul VI,Christi Matri,,1966-09-15,document,html,https://www.papalencyclicals.net/paul06/p6christ.htm,papalencyclicals,https://www.papalencyclicals.net/category/paul06,
Paul VI,Indulgentiarum Doctrina,,1967-01-01,document,html,https://www.papalencyclicals.net/paul06/p6indulg.htm,papalencyclicals,https://www.papalencyclicals.net/category/paul06,
Paul VI,Populorum Progressio,,1967-03-26,document,html,https://www.papalencyclicals.net/paul06/p6develo.htm,papalencyclicals,https://www.papalencyclicals.net/category/paul06,
Paul VI,Signum Magnum,,1967-05-13,document,html,https://www.papalencyclicals.net/paul06/p6great.htm,papalencyclicals,https://www.papalencyclicals.net/category/paul06,
Paul VI,Sacrum Diaconatus Ordinem,,1967-06-18,document,html,https://www.papalencyclicals.net/paul06/p6diacon.htm,papalencyclicals,https://www.papalencyclicals.net/category/paul06,
Paul VI,Sacerdotalis Caelibatus,,1967-06-24,document,html,https://www.papalencyclicals.net/paul06/p6sacerd.htm,papalencyclicals,https://www.papalencyclicals.net/category/paul06,
Paul VI,Credo Of The People Of God,,1968-06-30,document,html,https://www.papalencyclicals.net/paul06/p6credo.htm,papalencyclicals,https://www.papalencyclicals.net/category/paul06,
Paul VI,Humanae Vitae,,1968-07-25,document,html,https://www.papalencyclicals.net/paul06/p6humana.htm,papalencyclicals,https://www.papalencyclicals.net/category/paul06,
Paul VI,Missale Romanum,,1969-04-03,document,html,https://www.papalencyclicals.net/paul06/p6missal.htm,papalencyclicals,https://www.papalencyclicals.net/category/paul06,
Paul VI,General Catechetical Directory,,1971-04-11,document,html,https://www.papalencyclicals.net/paul06/gencatdi.htm,papalencyclicals,https://www.papalencyclicals.net/category/paul06,
Paul VI,Octagesima Adveniens – The Eightieth Anniversary Of “Rerum Novarum”,,1971-05-14,document,html,https://www.papalencyclicals.net/paul06/p6oct.htm,papalencyclicals,https://www.papalencyclicals.net/category/paul06,
Paul VI,Renewal Of The Religious Life,,1971-06-29,document,html,https://www.papalencyclicals.net/paul06/p6renew.htm,papalencyclicals,https://www.papalencyclicals.net/category/paul06,
Paul VI,Pastoral Norms For General Sacramental Absolution,,1972-06-16,document,html,https://www.papalencyclicals.net/paul06/p6pastor.htm,papalencyclicals,https://www.papalencyclicals.net/category/paul06,
Paul VI,Confronting The Devil’s Power,,1972-11-15,document,html,https://www.papalencyclicals.net/paul06/p6devil.htm,papalencyclicals,https://www.papalencyclicals.net/category/paul06,
Paul VI,The Sacrament Of Anointing Of The Sick,,1972-11-30,document,html,https://www.papalencyclicals.net/paul06/p6anoin.htm,papalencyclicals,https://www.papalencyclicals.net/category/paul06,
Paul VI,Last Will and Testament of Pope Paul VI,,1973-07-14,document,html,https://www.papalencyclicals.net/paul06/p6will.htm,papalencyclicals,https://www.papalencyclicals.net/category/paul06,
Paul VI,Marialis Cultus,,1974-02-02,document,html,https://www.papalencyclicals.net/paul06/p6marial.htm,papalencyclicals,https://www.papalencyclicals.net/category/paul06,
Paul VI,Gaudete In Domino,,1975-05-09,document,html,https://www.papalencyclicals.net/paul06/p6gaude.htm,papalencyclicals,https://www.papalencyclicals.net/category/paul06,
Paul VI,Election Of The Roman Pontiff,,1975-10-01,document,html,https://www.papalencyclicals.net/paul06/p6elect.htm,papalencyclicals,https://www.papalencyclicals.net/category/paul06,
Paul VI,Evangelii Nuntiandi,,1975-12-08,document,html,https://www.papalencyclicals.net/paul06/p6evan.htm,papalencyclicals,https://www.papalencyclicals.net/category/paul06,
Paul VI,Inter Insigniores,,1976-10-15,document,html,https://www.papalencyclicals.net/paul06/p6interi.htm,papalencyclicals,https://www.papalencyclicals.net/category/paul06,
Paul VI,Inaestamabile Donum,,1980-04-17,document,html,https://www.papalencyclicals.net/paul06/jp2inaest.htm,papalencyclicals,https://www.papalencyclicals.net/category/paul06,
Paul VI,Second Vatican Council II Closing Speech,,1985-12-08,document,html,https://www.papalencyclicals.net/paul06/p6closin.htm,papalencyclicals,https://www.papalencyclicals.net/category/paul06,
Paul VI,Caritas in veritate,,2009-06-29,document,html,https://www.papalencyclicals.net/paul06/caritas-in-veritate.htm,papalencyclicals,https://www.papalencyclicals.net/category/paul06,
Paul VI,Pope St. Pius V,,2017-04-07,document,html,https://www.papalencyclicals.net/paul06/pope-st-pius-v.htm,papalencyclicals,https://www.papalencyclicals.net/category/paul06,
Paul VI,1293,,2017-04-27,document,html,https://www.papalencyclicals.net/paul06/1293.htm,papalencyclicals,https://www.papalencyclicals.net/category/paul06,
Paul VI,Exiit qui seminat,,2017-07-13,document,html,https://www.papalencyclicals.net/paul06/exiit-l.htm,papalencyclicals,https://www.papalencyclicals.net/category/paul06,
Paul VI,Exivi de Paradiso,,2017-07-13,document,html,https://www.papalencyclicals.net/paul06/exivi-l.htm,papalencyclicals,https://www.papalencyclicals.net/category/paul06,
Paul VI,Regnans in Excelsis,,2017-07-13,document,html,https://www.papalencyclicals.net/paul06/p5regnanslatin.htm,papalencyclicals,https://www.papalencyclicals.net/category/paul06,
Pius VI,Inscrutabile,,1775-12-25,document,html,https://www.papalencyclicals.net/pius06/p6inscru.htm,papalencyclicals,https://www.papalencyclicals.net/category/pius06,
Pius VI,Summa Dei,,1775-12-25,document,html,https://www.papalencyclicals.net/pius06/summa-dei.htm,papalencyclicals,https://www.papalencyclicals.net/category/pius06,
Pius VI,Nuper pro,,1779-03-06,document,html,https://www.papalencyclicals.net/pius06/nuper-pro.htm,papalencyclicals,https://www.papalencyclicals.net/category/pius06,
Pius VI,Super soliditate,,1786-11-28,document,html,https://www.papalencyclicals.net/pius06/super-soliditate.htm,papalencyclicals,https://www.papalencyclicals.net/category/pius06,
Pius VI,Quod aliquantum,,1791-03-10,document,html,https://www.papalencyclicals.net/pius06/quod-aliquantum.htm,papalencyclicals,https://www.papalencyclicals.net/category/pius06,
Pius VI,Charitas,,1791-04-13,document,html,https://www.papalencyclicals.net/pius06/p6charit.htm,papalencyclicals,https://www.papalencyclicals.net/category/pius06,
Pius VI,Cum populi,,1791-04-13,document,html,https://www.papalencyclicals.net/pius06/cum-populi.htm,papalencyclicals,https://www.papalencyclicals.net/category/pius06,
Pius VI,Adeo nota,,1791-04-23,document,html,https://www.papalencyclicals.net/pius06/adeo-nota.htm,papalencyclicals,https://www.papalencyclicals.net/category/pius06,
Pius VI,Quo luctu,,1791-05-04,document,html,https://www.papalencyclicals.net/pius06/quo-luctu.htm,papalencyclicals,https://www.papalencyclicals.net/category/pius06,
Pius VI,Ancorché antichissimo,,1791-11-05,document,html,https://www.papalencyclicals.net/pius06/ancorche-antichissimo.htm,papalencyclicals,https://www.papalencyclicals.net/category/pius06,
Pius VI,In gravissimis,,1792-03-19,document,html,https://www.papalencyclicals.net/pius06/in-gravissimis.htm,papalencyclicals,https://www.papalencyclicals.net/category/pius06,
Pius VI,Novae hae litterae,,1792-03-19,document,html,https://www.papalencyclicals.net/pius06/novae-hae-litterae.htm,papalencyclicals,https://www.papalencyclicals.net/category/pius06,
Pius VI,Ubi communis,,1792-04-04,document,html,https://www.papalencyclicals.net/pius06/ubi-communis.htm,papalencyclicals,https://www.papalencyclicals.net/category/pius06,
Pius VI,Dum nos,,1792-04-19,document,html,https://www.papalencyclicals.net/pius06/dum-nos.htm,papalencyclicals,https://www.papalencyclicals.net/category/pius06,
Pius VI,Quo fluctu,,1792-05-30,document,html,https://www.papalencyclicals.net/pius06/quo-fluctu.htm,papalencyclicals,https://www.papalencyclicals.net/category/pius06,
Pius VI,Ubi lutetiam,,1792-06-13,document,html,https://www.papalencyclicals.net/pius06/p6ubilu-i.htm,papalencyclicals,https://www.papalencyclicals.net/category/pius06,
Pius VI,Perpensis circumstantiis,,1792-11-10,document,html,https://www.papalencyclicals.net/pius06/perpensis-circumstantiis.htm,papalencyclicals,https://www.papalencyclicals.net/category/pius06,
Pius VI,Quae causa,,1792-11-24,document,html,https://www.papalencyclicals.net/pius06/quae-causa.htm,papalencyclicals,https://www.papalencyclicals.net/category/pius06,
Pius VI,Quare lacrymae,,1793-06-17,document,html,https://www.papalencyclicals.net/pius06/quare-lacrymae.htm,papalencyclicals,https://www.papalencyclicals.net/category/pius06,
Pius VI,Ad nostras manus,,1793-07-31,document,html,https://www.papalencyclicals.net/pius06/ad-nostras-manus.htm,papalencyclicals,https://www.papalencyclicals.net/category/pius06,
Pius VI,Auctorem fidei,,1794-08-28,document,html,https://www.papalencyclicals.net/pius06/auctorem-fidei.htm,papalencyclicals,https://www.papalencyclicals.net/category/pius06,
Pius VI,Christi Ecclesiae,,1797-12-30,document,html,https://www.papalencyclicals.net/pius06/christi-ecclesiae.htm,papalencyclicals,https://www.papalencyclicals.net/category/pius06,
Pius VI,Constantiam vestram,,1798-11-10,document,html,https://www.papalencyclicals.net/pius06/constantiam-vestram.htm,papalencyclicals,https://www.papalencyclicals.net/category/pius06,
Pius VI,Cum nos superiori,,1798-11-13,document,html,https://www.papalencyclicals.net/pius06/cum-nos-superiori.htm,papalencyclicals,https://www.papalencyclicals.net/category/pius06,
Pius VI,Quoties animo,,1799-08-13,document,html,https://www.papalencyclicals.net/pius06/quoties-animo.htm,papalencyclicals,https://www.papalencyclicals.net/category/pius06,
Pius VII,Diu Satis,,1800-05-15,document,html,https://www.papalencyclicals.net/pius07/p7diusat.htm,papalencyclicals,https://www.papalencyclicals.net/category/pius07,
Pius VII,Il trionfo,,1814-05-18,document,html,https://www.papalencyclicals.net/pius07/il-trionfo.htm,papalencyclicals,https://www.papalencyclicals.net/category/pius07,
Pius VIII,Traditi Humilitati,,1829-05-24,document,html,https://www.papalencyclicals.net/pius08/p8tradit.htm,papalencyclicals,https://www.papalencyclicals.net/category/pius08,
Pius XI,Ubi Arcano Dei Consilio,,1922-12-23,document,html,https://www.papalencyclicals.net/pius11/p11arcan.htm,papalencyclicals,https://www.papalencyclicals.net/category/pius11,
Pius XI,Rerum Omnium Perturbationem,,1923-01-26,document,html,https://www.papalencyclicals.net/pius11/p11pertu.htm,papalencyclicals,https://www.papalencyclicals.net/category/pius11,
Pius XI,Studiorum Ducem,,1923-06-29,document,html,https://www.papalencyclicals.net/pius11/p11studi.htm,papalencyclicals,https://www.papalencyclicals.net/category/pius11,
Pius XI,Ecclesiam Dei,,1923-11-12,document,html,https://www.papalencyclicals.net/pius11/p11eccle.htm,papalencyclicals,https://www.papalencyclicals.net/category/pius11,
Pius XI,Maximam Gravissimamque,,1924-01-18,document,html,https://www.papalencyclicals.net/pius11/p11maxim.htm,papalencyclicals,https://www.papalencyclicals.net/category/pius11,
Pius XI,Quas Primas,,1925-12-11,document,html,https://www.papalencyclicals.net/pius11/p11prima.htm,papalencyclicals,https://www.papalencyclicals.net/category/pius11,
Pius XI,Rerum Ecclesiae,,1926-02-08,document,html,https://www.papalencyclicals.net/pius11/p11rerec.htm,papalencyclicals,https://www.papalencyclicals.net/category/pius11,
Pius XI,Rite Expiatis,,1926-04-13,document,html,https://www.papalencyclicals.net/pius11/p11ritex.htm,papalencyclicals,https://www.papalencyclicals.net/category/pius11,
Pius XI,Iniquis Afflictisque,,1926-11-18,document,html,https://www.papalencyclicals.net/pius11/p11iniqu.htm,papalencyclicals,https://www.papalencyclicals.net/category/pius11,
Pius XI,Rerum condicio,,1927-10-04,document,html,https://www.papalencyclicals.net/pius11/rerum-condicio.htm,papalencyclicals,https://www.papalencyclicals.net/category/pius11,
Pius XI,Apostolicorum in Missionibus,,1927-12-14,document,html,https://www.papalencyclicals.net/pius11/p11apost.htm,papalencyclicals,https://www.papalencyclicals.net/category/pius11,
Pius XI,Mortalium Animos,,1928-01-06,document,html,https://www.papalencyclicals.net/pius11/p11morta.htm,papalencyclicals,https://www.papalencyclicals.net/category/pius11,
Pius XI,Miserentissimus Redemptor,,1928-05-08,document,html,https://www.papalencyclicals.net/pius11/p11miser.htm,papalencyclicals,https://www.papalencyclicals.net/category/pius11,
Pius XI,Rerum Orientalium,,1928-09-08,document,html,https://www.papalencyclicals.net/pius11/p11reror.htm,papalencyclicals,https://www.papalencyclicals.net/category/pius11,
Pius XI,Mens Nostra,,1929-12-20,document,html,https://www.papalencyclicals.net/pius11/p11mens.htm,papalencyclicals,https://www.papalencyclicals.net/category/pius11,
Pius XI,Quinquagesimo Ante,,1929-12-23,document,html,https://www.papalencyclicals.net/pius11/p11quinq.htm,papalencyclicals,https://www.papalencyclicals.net/category/pius11,
Pius XI,Divini Illius Magistri,,1929-12-31,document,html,https://www.papalencyclicals.net/pius11/p11rappr.htm,papalencyclicals,https://www.papalencyclicals.net/category/pius11,
Pius XI,Ad Salutem,,1930-04-30,document,html,https://www.papalencyclicals.net/pius11/p11salut.htm,papalencyclicals,https://www.papalencyclicals.net/category/pius11,
Pius XI,Casti Connubii,,1930-12-31,document,html,https://www.papalencyclicals.net/pius11/p11casti.htm,papalencyclicals,https://www.papalencyclicals.net/category/pius11,
Pius XI,Quadragesimo Anno,,1931-05-15,document,html,https://www.papalencyclicals.net/pius11/p11quadr.htm,papalencyclicals,https://www.papalencyclicals.net/category/pius11,
Pius XI,Non Abbiamo Bisogno,,1931-06-29,document,html,https://www.papalencyclicals.net/pius11/p11fac.htm,papalencyclicals,https://www.papalencyclicals.net/category/pius11,
Pius XI,Nova Impendet,,1931-10-02,document,html,https://www.papalencyclicals.net/pius11/p11impen.htm,papalencyclicals,https://www.papalencyclicals.net/category/pius11,
Pius XI,Lux Veritatis,,1931-12-25,document,html,https://www.papalencyclicals.net/pius11/p11verit.htm,papalencyclicals,https://www.papalencyclicals.net/category/pius11,
Pius XI,Caritate Christi Compulsi,,1932-05-03,document,html,https://www.papalencyclicals.net/pius11/p11carit.htm,papalencyclicals,https://www.papalencyclicals.net/category/pius11,
Pius XI,Acerba animi,,1932-09-29,document,html,https://www.papalencyclicals.net/pius11/p11animi.htm,papalencyclicals,https://www.papalencyclicals.net/category/pius11,
Pius XI,Dilectissima Nobis,,1933-06-03,document,html,https://www.papalencyclicals.net/pius11/p11nobis.htm,papalencyclicals,https://www.papalencyclicals.net/category/pius11,
Pius XI,Ad Catholici Sacerdotii,,1935-12-20,document,html,https://www.papalencyclicals.net/pius11/p11catho.htm,papalencyclicals,https://www.papalencyclicals.net/category/pius11,
Pius XI,Vigilanti Cura,,1936-06-29,document,html,https://www.papalencyclicals.net/pius11/p11vigil.htm,papalencyclicals,https://www.papalencyclicals.net/category/pius11,
Pius XI,Mit Brennender Sorge,,1937-03-14,document,html,https://www.papalencyclicals.net/pius11/p11brenn.htm,papalencyclicals,https://www.papalencyclicals.net/category/pius11,
Pius XI,Divini Redemptoris,,1937-03-19,document,html,https://www.papalencyclicals.net/pius11/p11divin.htm,papalencyclicals,https://www.papalencyclicals.net/category/pius11,
Pius XI,Nos Es Muy Conocida,,1937-03-28,document,html,https://www.papalencyclicals.net/pius11/p11noses.htm,papalencyclicals,https://www.papalencyclicals.net/category/pius11,
Pius XI,Ingravescentibus Malis,,1937-09-29,document,html,https://www.papalencyclicals.net/pius11/p11grave.htm,papalencyclicals,https://www.papalencyclicals.net/category/pius11,
Pius XII,Sertum Laetitiae,,1931-10-01,document,html,https://www.papalencyclicals.net/pius12/p12sertu.htm,papalencyclicals,https://www.papalencyclicals.net/category/pius12,
Pius XII,Summi Pontificatus,,1939-10-10,document,html,https://www.papalencyclicals.net/pius12/p12summi.htm,papalencyclicals,https://www.papalencyclicals.net/category/pius12,
Pius XII,Saeculo Exeunte Octavo,,1940-06-13,document,html,https://www.papalencyclicals.net/pius12/p12saecu.htm,papalencyclicals,https://www.papalencyclicals.net/category/pius12,
Pius XII,The Internal Order Of States And People,,1942-12-25,document,html,https://www.papalencyclicals.net/pius12/p12ch42.htm,papalencyclicals,https://www.papalencyclicals.net/category/pius12,
Pius XII,Mystici Corporis,,1943-06-29,document,html,https://www.papalencyclicals.net/pius12/p12mysti.htm,papalencyclicals,https://www.papalencyclicals.net/category/pius12,
Pius XII,Divino Afflante Spiritu,,1943-09-30,document,html,https://www.papalencyclicals.net/pius12/p12divin.htm,papalencyclicals,https://www.papalencyclicals.net/category/pius12,
Pius XII,Orientalis Ecclesiae,,1944-04-09,document,html,https://www.papalencyclicals.net/pius12/p12orien.htm,papalencyclicals,https://www.papalencyclicals.net/category/pius12,
Pius XII,Democracy And A Lasting Peace,,1944-12-25,document,html,https://www.papalencyclicals.net/pius12/p12xmas.htm,papalencyclicals,https://www.papalencyclicals.net/category/pius12,
Pius XII,Communium Interpretes Doloraum,,1945-04-15,document,html,https://www.papalencyclicals.net/pius12/p12commu.htm,papalencyclicals,https://www.papalencyclicals.net/category/pius12,
Pius XII,Orientales Omnes Ecclesias,,1945-12-23,document,html,https://www.papalencyclicals.net/pius12/p12omnes.htm,papalencyclicals,https://www.papalencyclicals.net/category/pius12,
Pius XII,Quemadmodum,,1946-01-06,document,html,https://www.papalencyclicals.net/pius12/p12quema.htm,papalencyclicals,https://www.papalencyclicals.net/category/pius12,
Pius XII,Deiparae Virginis Mariae,,1946-05-01,document,html,https://www.papalencyclicals.net/pius12/p12deipa.htm,papalencyclicals,https://www.papalencyclicals.net/category/pius12,
Pius XII,On Rural Life,,1946-11-15,document,html,https://www.papalencyclicals.net/pius12/poprural.htm,papalencyclicals,https://www.papalencyclicals.net/category/pius12,
Pius XII,Fulgens Radiatur,,1947-03-21,document,html,https://www.papalencyclicals.net/pius12/p12radia.htm,papalencyclicals,https://www.papalencyclicals.net/category/pius12,
Pius XII,Papal Directives For The Woman Of Today,,1947-09-11,document,html,https://www.papalencyclicals.net/pius12/p12woman.htm,papalencyclicals,https://www.papalencyclicals.net/category/pius12,
Pius XII,Mediator Dei,,1947-11-20,document,html,https://www.papalencyclicals.net/pius12/p12media.htm,papalencyclicals,https://www.papalencyclicals.net/category/pius12,
Pius XII,Sacramentum Ordinis,,1947-11-30,document,html,https://www.papalencyclicals.net/pius12/p12sacrao.htm,papalencyclicals,https://www.papalencyclicals.net/category/pius12,
Pius XII,Optatissima Pax,,1947-12-18,document,html,https://www.papalencyclicals.net/pius12/p12optat.htm,papalencyclicals,https://www.papalencyclicals.net/category/pius12,
Pius XII,Auspicia Quaedam,,1948-05-01,document,html,https://www.papalencyclicals.net/pius12/p12auspi.htm,papalencyclicals,https://www.papalencyclicals.net/category/pius12,
Pius XII,In Multiplicibus Curis,,1948-10-24,document,html,https://www.papalencyclicals.net/pius12/p12multi.htm,papalencyclicals,https://www.papalencyclicals.net/category/pius12,
Pius XII,Redemptoris Nostri Cruciatus,,1949-04-15,document,html,https://www.papalencyclicals.net/pius12/p12redem.htm,papalencyclicals,https://www.papalencyclicals.net/category/pius12,
Pius XII,Anni Sacri,,1950-03-12,document,html,https://www.papalencyclicals.net/pius12/p12anni.htm,papalencyclicals,https://www.papalencyclicals.net/category/pius12,
Pius XII,Summi Maeroris,,1950-07-19,document,html,https://www.papalencyclicals.net/pius12/p12maero.htm,papalencyclicals,https://www.papalencyclicals.net/category/pius12,
Pius XII,Humani Generis,,1950-08-12,document,html,https://www.papalencyclicals.net/pius12/p12human.htm,papalencyclicals,https://www.papalencyclicals.net/category/pius12,
Pius XII,Menti Nostrae,,1950-09-23,document,html,https://www.papalencyclicals.net/pius12/p12clerg.htm,papalencyclicals,https://www.papalencyclicals.net/category/pius12,
Pius XII,Munificentissimus Deus,,1950-10-01,document,html,https://www.papalencyclicals.net/pius12/p12munif.htm,papalencyclicals,https://www.papalencyclicals.net/category/pius12,
Pius XII,Mirabile Illud,,1950-12-06,document,html,https://www.papalencyclicals.net/pius12/p12mirab.htm,papalencyclicals,https://www.papalencyclicals.net/category/pius12,
Pius XII,Evangelii Praecones,,1951-06-02,document,html,https://www.papalencyclicals.net/pius12/p12evang.htm,papalencyclicals,https://www.papalencyclicals.net/category/pius12,
Pius XII,Ingruentium Malorum,,1951-08-15,document,html,https://www.papalencyclicals.net/pius12/p12ingru.htm,papalencyclicals,https://www.papalencyclicals.net/category/pius12,
Pius XII,Sempiternus Rex Christus,,1951-09-08,document,html,https://www.papalencyclicals.net/pius12/p12sempi.htm,papalencyclicals,https://www.papalencyclicals.net/category/pius12,
Pius XII,Counsel To Teaching Sisters,,1951-09-15,document,html,https://www.papalencyclicals.net/pius12/p12tchrs.htm,papalencyclicals,https://www.papalencyclicals.net/category/pius12,
Pius XII,Address to Midwives on the Nature of Their Profession,,1951-10-29,document,html,https://www.papalencyclicals.net/pius12/p12midwives.htm,papalencyclicals,https://www.papalencyclicals.net/category/pius12,
Pius XII,The Proofs For The Existence Of God In The Light Of Modern Natural Science,,1951-11-22,document,html,https://www.papalencyclicals.net/pius12/p12exist.htm,papalencyclicals,https://www.papalencyclicals.net/category/pius12,
Pius XII,The Function Of Art,,1952-04-08,document,html,https://www.papalencyclicals.net/pius12/p12art.htm,papalencyclicals,https://www.papalencyclicals.net/category/pius12,
Pius XII,Exsul Familia Nazarethana,,1952-08-01,document,html,https://www.papalencyclicals.net/pius12/p12exsul.htm,papalencyclicals,https://www.papalencyclicals.net/category/pius12,
Pius XII,The Moral Limits Of Medical Research And Treatment,,1952-09-14,document,html,https://www.papalencyclicals.net/pius12/p12psych.htm,papalencyclicals,https://www.papalencyclicals.net/category/pius12,
Pius XII,Christus Dominus,,1953-01-06,document,html,https://www.papalencyclicals.net/pius12/p12chdom.htm,papalencyclicals,https://www.papalencyclicals.net/category/pius12,
Pius XII,On Psychotherapy And Religion,,1953-04-13,document,html,https://www.papalencyclicals.net/pius12/p12psyre.htm,papalencyclicals,https://www.papalencyclicals.net/category/pius12,
Pius XII,Doctor Mellifluus,,1953-05-24,document,html,https://www.papalencyclicals.net/pius12/p12docto.htm,papalencyclicals,https://www.papalencyclicals.net/category/pius12,
Pius XII,Fulgens Corona,,1953-09-08,document,html,https://www.papalencyclicals.net/pius12/p12fulge.htm,papalencyclicals,https://www.papalencyclicals.net/category/pius12,
Pius XII,Sacra Virginitas,,1954-03-25,document,html,https://www.papalencyclicals.net/pius12/p12sacra.htm,papalencyclicals,https://www.papalencyclicals.net/category/pius12,
Pius XII,Si Diligis – Canonisation Of St Pius X,,1954-05-31,document,html,https://www.papalencyclicals.net/pius12/p12sidil.htm,papalencyclicals,https://www.papalencyclicals.net/category/pius12,
Pius XII,Ecclesiae Fastos,,1954-06-05,document,html,https://www.papalencyclicals.net/pius12/p12fasto.htm,papalencyclicals,https://www.papalencyclicals.net/category/pius12,
Pius XII,Ad Sinarum Gentem,,1954-10-07,document,html,https://www.papalencyclicals.net/pius12/p12sinar.htm,papalencyclicals,https://www.papalencyclicals.net/category/pius12,
Pius XII,Ad Caeli Reginam,,1954-10-11,document,html,https://www.papalencyclicals.net/pius12/p12caeli.htm,papalencyclicals,https://www.papalencyclicals.net/category/pius12,
Pius XII,Musicae Sacrae,,1955-12-25,document,html,https://www.papalencyclicals.net/pius12/p12music.htm,papalencyclicals,https://www.papalencyclicals.net/category/pius12,
Pius XII,Haurietis Aquas,,1956-05-15,document,html,https://www.papalencyclicals.net/pius12/p12hauri.htm,papalencyclicals,https://www.papalencyclicals.net/category/pius12,
Pius XII,Datis Nuperrime,,1956-10-05,document,html,https://www.papalencyclicals.net/pius12/p12datis.htm,papalencyclicals,https://www.papalencyclicals.net/category/pius12,
Pius XII,Luctuosissimi Eventus,,1956-10-28,document,html,https://www.papalencyclicals.net/pius12/p12luctu.htm,papalencyclicals,https://www.papalencyclicals.net/category/pius12,
Pius XII,Laetamur Admodum,,1956-11-01,document,html,https://www.papalencyclicals.net/pius12/p12laeta.htm,papalencyclicals,https://www.papalencyclicals.net/category/pius12,
Pius XII,Sacram Communionem,,1957-03-19,document,html,https://www.papalencyclicals.net/pius12/p12fast.htm,papalencyclicals,https://www.papalencyclicals.net/category/pius12,
Pius XII,Fidei Donum,,1957-04-21,document,html,https://www.papalencyclicals.net/pius12/p12fidei.htm,papalencyclicals,https://www.papalencyclicals.net/category/pius12,
Pius XII,Invicti Athletae,,1957-05-16,document,html,https://www.papalencyclicals.net/pius12/p12invic.htm,papalencyclicals,https://www.papalencyclicals.net/category/pius12,
Pius XII,Le Pelerinage De Lourdes,,1957-07-02,document,html,https://www.papalencyclicals.net/pius12/p12peler.htm,papalencyclicals,https://www.papalencyclicals.net/category/pius12,
Pius XII,Miranda Prorsus,,1957-08-08,document,html,https://www.papalencyclicals.net/pius12/p12miran.htm,papalencyclicals,https://www.papalencyclicals.net/category/pius12,
Pius XII,Guiding Principles Of The Lay Apostolate,,1957-10-05,document,html,https://www.papalencyclicals.net/pius12/p12layap.htm,papalencyclicals,https://www.papalencyclicals.net/category/pius12,
Pius XII,The States Of Perfection,,1957-12-12,document,html,https://www.papalencyclicals.net/pius12/p12perf.htm,papalencyclicals,https://www.papalencyclicals.net/category/pius12,
Pius XII,Applied Psychology,,1958-04-10,document,html,https://www.papalencyclicals.net/pius12/p12appsy.htm,papalencyclicals,https://www.papalencyclicals.net/category/pius12,
Pius XII,Ad Apostolorum Principis,,1958-06-29,document,html,https://www.papalencyclicals.net/pius12/p12apost.htm,papalencyclicals,https://www.papalencyclicals.net/category/pius12,
Pius XII,Meminisse Iuvat,,1958-07-14,document,html,https://www.papalencyclicals.net/pius12/p12memin.htm,papalencyclicals,https://www.papalencyclicals.net/category/pius12,
Sixtus IV,Superna Caelestis,,2017-06-16,document,html,https://www.papalencyclicals.net/sixtus04/superna-caelestis.htm,papalencyclicals,https://www.papalencyclicals.net/category/sixtus04,
Sixtus V,Triumphantis Hierusalem,,1590-03-03,document,html,https://www.papalencyclicals.net/sixtus05/triumph.htm,papalencyclicals,https://www.papalencyclicals.net/category/sixtus05,
St. John Paul II,Redemptor Hominis,The Redeemer of Man,1979-03-04,encyclical,html,http://www.vatican.va/holy_father/john_paul_ii/encyclicals/documents/hf_jp-ii_enc_04031979_redemptor-hominis_en.html,vatican,https://www.papalencyclicals.net/jp02,
St. John Paul II,Sapientia Christiana,On Ecclesiastical Universities and Faculties,1979-04-15,other,html,http://w2.vatican.va/content/john-paul-ii/en/apost_letters/1987/documents/hf_jp-ii_apl_05061987_sescentesima-anniversaria.html,vatican,https://www.papalencyclicals.net/jp02,deduped
St. John Paul II,Catechesi Tradendae,Catechesis in our Time,1979-10-16,other,html,http://w2.vatican.va/content/john-paul-ii/en/apost_letters/1998/documents/hf_jp-ii_apl_05071998_dies-domini.html,vatican,https://www.papalencyclicals.net/jp02,deduped
St. John Paul II,Inaestamabile Donum,The Instruction Concerning Worship of the Eucharistic Mystery,1980-04-17,other,html,http://w2.vatican.va/content/john-paul-ii/en/letters/1994/documents/hf_jp-ii_let_02021994_families.html,vatican,https://www.papalencyclicals.net/jp02,deduped
St. John Paul II,Inaestimabile Donum,,1980-04-17,document,html,https://www.papalencyclicals.net/jp02/inaestimabile-donum.htm,papalencyclicals,https://www.papalencyclicals.net/jp02,
St. John Paul II,A Concilio Constantinopolitano I,On the Anniversaries of the First Council of Constantinople and the Council of Ephesus,1981-03-25,other,html,http://w2.vatican.va/content/john-paul-ii/en/apost_letters/1981/documents/hf_jp-ii_apl_25031981_a-concilio-constantinopolitano-i.html,vatican,https://www.papalencyclicals.net/jp02,
St. John Paul II,Laborem Exercens,On Human Work,1981-09-14,encyclical,html,http://www.vatican.va/holy_father/john_paul_ii/encyclicals/documents/hf_jp-ii_enc_14091981_laborem-exercens_en.html,vatican,https://www.papalencyclicals.net/jp02,
St. John Paul II,Magnum Matrimonii Sacramentum,The Great Sacrament of Matrimony,1982-10-07,other,html,http://web.archive.org/web/20080127190607/http:/www.jp2institute.org/pletter1.html,papalencyclicals,https://www.papalencyclicals.net/jp02,
St. John Paul II,Sacrae Disciplinae Leges,For the Promulgation of the New Code of Canon Law,1983-01-25,other,html,http://w2.vatican.va/content/john-paul-ii/en/apost_letters/1984/documents/hf_jp-ii_apl_11021984_salvifici-doloris.html,vatican,https://www.papalencyclicals.net/jp02,deduped
St. John Paul II,Slavorum Apostoli,In commemoration of the Sts. Cyril and Methodius,1985-06-02,encyclical,html,http://www.vatican.va/holy_father/john_paul_ii/encyclicals/documents/hf_jp-ii_enc_19850602_slavorum-apostoli_en.html,vatican,https://www.papalencyclicals.net/jp02,
St. John Paul II,Address of Pope John Paul II to the Tribunal of the Roman Rota,,1987-02-05,other,html,https://web.archive.org/web/20170621053905/http:/fjp2.com/us/john-paul-ii/online-library/speeches/6489-address-of-john-paul-ii-to-the-tribunal-of-the-roman-rota-february-1987-,papalencyclicals,https://www.papalencyclicals.net/jp02,
St. John Paul II,Redemptoris Mater,Mother of the Redeemer,1987-03-25,encyclical,html,http://www.vatican.va/holy_father/john_paul_ii/encyclicals/documents/hf_jp-ii_enc_25031987_redemptoris-mater_en.html,vatican,https://www.papalencyclicals.net/jp02,
St. John Paul II,Sollicitudo Rei Socialis,On Social Concerns,1987-12-30,encyclical,html,http://www.vatican.va/holy_father/john_paul_ii/encyclicals/documents/hf_jp-ii_enc_30121987_sollicitudo-rei-socialis_en.html,vatican,https://www.papalencyclicals.net/jp02,
St. John Paul II,Pastor Bonus,Norms for the Roman Curia,1988-06-28,other,html,http://w2.vatican.va/content/john-paul-ii/en/apost_letters/2002/documents/hf_jp-ii_apl_20021016_rosarium-virginis-mariae.html,vatican,https://www.papalencyclicals.net/jp02,deduped
St. John Paul II,Ecclesia Dei,On the Church in Africa,1988-07-02,other,html,http://w2.vatican.va/content/john-paul-ii/en/apost_letters/1995/documents/hf_jp-ii_apl_19951112_iv-cent-union-brest.html,vatican,https://www.papalencyclicals.net/jp02,deduped
St. John Paul II,Redemptoris Missio,On the Permanent Validity of the Church's Missionary Mandate,1990-12-07,encyclical,html,http://www.vatican.va/holy_father/john_paul_ii/encyclicals/documents/hf_jp-ii_enc_07121990_redemptoris-missio_en.html,vatican,https://www.papalencyclicals.net/jp02,
St. John Paul II,Centesimus Annus,On the 100th anniversary of Pope Leo XIII’s Rerum Novarum – On Capitol and Labor; On Catholic social teaching,1991-05-01,encyclical,html,https://www.vatican.va/content/john-paul-ii/en/encyclicals/documents/hf_jp-ii_enc_01051991_centesimus-annus.html,vatican,https://www.papalencyclicals.net/jp02,deduped
St. John Paul II,Veritatis Splendor,The Splendor of Truth - Regarding Certain Fundamental Questions of the Church's Moral Teaching,1993-08-06,encyclical,html,http://www.vatican.va/holy_father/john_paul_ii/encyclicals/documents/hf_jp-ii_enc_06081993_veritatis-splendor_en.html,vatican,https://www.papalencyclicals.net/jp02,
St. John Paul II,Ordinatio Sacerdotalis,On Reserving Priestly Ordination of Men Alone,1994-05-22,other,html,https://www.vatican.va/content/john-paul-ii/en/apost_letters/1994/documents/hf_jp-ii_apl_19940522_ordinatio-sacerdotalis.html,vatican,https://www.papalencyclicals.net/jp02,
St. John Paul II,Speeches,As the Third Millenium Draws Near,1994-11-10,other,html,http://w2.vatican.va/content/john-paul-ii/en/speeches.html,vatican,https://www.papalencyclicals.net/jp02,
St. John Paul II,Tertio Millennio Adveniente,As the Third Millenium Draws Near,1994-11-10,other,html,https://www.vatican.va/content/john-paul-ii/en/apost_letters/1994/documents/hf_jp-ii_apl_19941110_tertio-millennio-adveniente.html,vatican,https://www.papalencyclicals.net/jp02,
St. John Paul II,Evangelium Vitae,The Gospel of Life,1995-03-25,encyclical,html,http://w2.vatican.va/content/john-paul-ii/en/encyclicals/documents/hf_jp-ii_enc_14091998_fides-et-ratio.html,vatican,https://www.papalencyclicals.net/jp02,deduped
St. John Paul II,Orientale Lumen,A Light from the East - On the Eastern Church,1995-05-02,other,html,https://www.vatican.va/content/john-paul-ii/en/apost_letters/1995/documents/hf_jp-ii_apl_19950502_orientale-lumen.html,vatican,https://www.papalencyclicals.net/jp02,
St. John Paul II,Ut Unum Sint,That they may be one - On Commitment to Ecumenism,1995-05-25,encyclical,html,http://www.vatican.va/holy_father/john_paul_ii/encyclicals/documents/hf_jp-ii_enc_25051995_ut-unum-sint_en.html,vatican,https://www.papalencyclicals.net/jp02,
St. John Paul II,Universi Dominici Gregis,On the Vacancy of the Apostolic See and the Election of the Roman Pontiff,1996-02-22,other,html,http://www.vatican.va/holy_father/john_paul_ii/apost_constitutions/documents/hf_jp-ii_apc_22021996_universi-dominici-gregis_en.html,vatican,https://www.papalencyclicals.net/jp02,
St. John Paul II,Vita Consecrata,On the Consecrated Life,1996-03-25,other,html,http://www.vatican.va/holy_father/john_paul_ii/apost_exhortations/documents/hf_jp-ii_exh_25031996_vita-consecrata_en.html,vatican,https://www.papalencyclicals.net/jp02,
St. John Paul II,The 350 Years of the Union of Uzhorod,On the Vacancy of the Apostolic See and the Election of the Roman Pontiff,1996-04-18,other,html,http://w2.vatican.va/content/john-paul-ii/en/apost_letters/1996/documents/hf_jp-ii_apl_19960418_union-uzhorod.html,vatican,https://www.papalencyclicals.net/jp02,
St. John Paul II,General Directory for Catechesis,The Instruction Concerning Worship of the Eucharistic Mystery,1997-08-07,other,html,http://w2.vatican.va/content/john-paul-ii/en/homilies.html,vatican,https://www.papalencyclicals.net/jp02,deduped
St. John Paul II,Divini Amoris Scientia,St. Therese of the Child Jesus and the Holy Face is Proclaimed a Doctor of the Church Universal,1997-10-19,other,html,http://w2.vatican.va/content/john-paul-ii/en/apost_letters/1997/documents/hf_jp-ii_apl_19101997_divini-amoris.html,vatican,https://www.papalencyclicals.net/jp02,
St. John Paul II,Theology of the Body,On the Vacancy of the Apostolic See and the Election of the Roman Pontiff,2000-06-20,other,html,http://w2.vatican.va/content/john-paul-ii/en/apost_letters/2000/documents/hf_jp-ii_apl_20000720_unione-romania-roma.html,vatican,https://www.papalencyclicals.net/jp02,deduped
St. John Paul II,Dominus Iesus,On the Unicity and Salvific Universality of Jesus Christ and the Church,2000-08-06,other,html,http://w2.vatican.va/content/john-paul-ii/en/apost_letters/1985/documents/hf_jp-ii_apl_31031985_dilecti-amici.html,vatican,https://www.papalencyclicals.net/jp02,deduped
St. John Paul II,Novo Millennio Ineunte,On the Beginning of the New Millennium,2001-01-06,other,html,http://w2.vatican.va/content/john-paul-ii/en/apost_letters/2001/documents/hf_jp-ii_apl_20010106_novo-millennio-ineunte.html,vatican,https://www.papalencyclicals.net/jp02,
St. John Paul II,Misericordia Dei,On Certain Aspects of the Celebration of the Sacrament of Penance,2002-04-07,other,html,http://w2.vatican.va/content/john-paul-ii/en/apost_letters/1988/documents/hf_jp-ii_apl_15081988_mulieris-dignitatem.html,vatican,https://www.papalencyclicals.net/jp02,deduped
St. John Paul II,Considerations Regarding Proposals To Give Legal Recognition To Unions Between Homosexual Persons,From the Offices of the Congregation for the Doctrine of the Faith,2003-06-03,other,html,http://www.vatican.va/roman_curia/congregations/cfaith/documents/rc_con_cfaith_doc_20030731_homosexual-unions_en.html,vatican,https://www.papalencyclicals.net/jp02,
St. Pius V,Consueverunt Romani,,1569-09-17,document,html,https://www.papalencyclicals.net/pius05/p5consue.htm,papalencyclicals,https://www.papalencyclicals.net/category/pius05,
St. Pius V,Regnans in Excelsis,,1570-03-05,document,html,https://www.papalencyclicals.net/pius05/p5regnans.htm,papalencyclicals,https://www.papalencyclicals.net/category/pius05,
St. Pius V,Quo Primum,,1570-07-14,document,html,https://www.papalencyclicals.net/pius05/p5quopri.htm,papalencyclicals,https://www.papalencyclicals.net/category/pius05,
St. Pius V,Exponi nobis nuper,,1571-07-25,document,html,https://www.papalencyclicals.net/pius05/p5exponi.htm,papalencyclicals,https://www.papalencyclicals.net/category/pius05,
St. Pius X,E Supremi,,1903-10-04,document,html,https://www.papalencyclicals.net/pius10/p10supre.htm,papalencyclicals,https://www.papalencyclicals.net/category/pius10,
St. Pius X,Tra Le Sollecitudini,,1903-11-22,document,html,https://www.papalencyclicals.net/pius10/tra-le-sollecitudini.htm,papalencyclicals,https://www.papalencyclicals.net/category/pius10,
St. Pius X,Ad Diem Illum Laetissimum,,1904-02-02,document,html,https://www.papalencyclicals.net/pius10/p10imcon.htm,papalencyclicals,https://www.papalencyclicals.net/category/pius10,
St. Pius X,Iucunda Sane,,1904-03-12,document,html,https://www.papalencyclicals.net/pius10/p10greg.htm,papalencyclicals,https://www.papalencyclicals.net/category/pius10,
St. Pius X,FOR THE FIFTIETH ANNIVERSARY OF THE PROCLAMATION OF THE DOGMA OF THE IMMACULATE CONCEPTION,,1904-12-12,document,html,https://www.papalencyclicals.net/pius10/p10aniv.htm,papalencyclicals,https://www.papalencyclicals.net/category/pius10,
St. Pius X,Acerbo Nimis,,1905-04-15,document,html,https://www.papalencyclicals.net/pius10/p10chdoc.htm,papalencyclicals,https://www.papalencyclicals.net/category/pius10,
St. Pius X,Il Fermo Proposito,,1905-06-11,document,html,https://www.papalencyclicals.net/pius10/p10fermo.htm,papalencyclicals,https://www.papalencyclicals.net/category/pius10,
St. Pius X,Vehementer Nos,,1906-02-11,document,html,https://www.papalencyclicals.net/pius10/p10law.htm,papalencyclicals,https://www.papalencyclicals.net/category/pius10,
St. Pius X,Tribus Circiter,,1906-04-05,document,html,https://www.papalencyclicals.net/pius10/p10mys.htm,papalencyclicals,https://www.papalencyclicals.net/category/pius10,
St. Pius X,Pieni L’animo,,1906-07-28,document,html,https://www.papalencyclicals.net/pius10/p10clr.htm,papalencyclicals,https://www.papalencyclicals.net/category/pius10,
St. Pius X,Gravissimo Officii Munere,,1906-08-10,document,html,https://www.papalencyclicals.net/pius10/p10fr.htm,papalencyclicals,https://www.papalencyclicals.net/category/pius10,
St. Pius X,Une Fois Encore,,1907-01-06,document,html,https://www.papalencyclicals.net/pius10/p10cst.htm,papalencyclicals,https://www.papalencyclicals.net/category/pius10,
St. Pius X,Lamentabili Sane,,1907-07-03,document,html,https://www.papalencyclicals.net/pius10/p10lamen.htm,papalencyclicals,https://www.papalencyclicals.net/category/pius10,
St. Pius X,Pascendi Dominici Gregis,,1907-09-08,document,html,https://www.papalencyclicals.net/pius10/p10pasce.htm,papalencyclicals,https://www.papalencyclicals.net/category/pius10,
St. Pius X,Praestantia Scripturae,,1907-11-18,document,html,https://www.papalencyclicals.net/pius10/p10prasc.htm,papalencyclicals,https://www.papalencyclicals.net/category/pius10,
St. Pius X,Haerent Animo,,1908-08-04,document,html,https://www.papalencyclicals.net/pius10/p10haer.htm,papalencyclicals,https://www.papalencyclicals.net/category/pius10,
St. Pius X,Communium Rerum,,1909-04-21,document,html,https://www.papalencyclicals.net/pius10/p10ans.htm,papalencyclicals,https://www.papalencyclicals.net/category/pius10,
St. Pius X,Septimo Iam,,1909-10-04,document,html,https://www.papalencyclicals.net/pius10/septimo-iam.htm,papalencyclicals,https://www.papalencyclicals.net/category/pius10,
St. Pius X,Singulari Quadam,,1909-10-04,document,html,https://www.papalencyclicals.net/pius10/p10lab.htm,papalencyclicals,https://www.papalencyclicals.net/category/pius10,
St. Pius X,Editae Saepe,,1910-05-26,document,html,https://www.papalencyclicals.net/pius10/p10cha.htm,papalencyclicals,https://www.papalencyclicals.net/category/pius10,
St. Pius X,Quam Singulari,,1910-08-08,document,html,https://www.papalencyclicals.net/pius10/p10quam.htm,papalencyclicals,https://www.papalencyclicals.net/category/pius10,
St. Pius X,Notre Charge Apostolique,,1910-08-15,document,html,https://www.papalencyclicals.net/pius10/p10notre.htm,papalencyclicals,https://www.papalencyclicals.net/category/pius10,
St. Pius X,The Oath Against Modernism,,1910-09-01,document,html,https://www.papalencyclicals.net/pius10/p10moath.htm,papalencyclicals,https://www.papalencyclicals.net/category/pius10,
St. Pius X,Iamdudum,,1911-05-24,document,html,https://www.papalencyclicals.net/pius10/p10por.htm,papalencyclicals,https://www.papalencyclicals.net/category/pius10,
St. Pius X,Divino Afflatu,,1911-11-01,document,html,https://www.papalencyclicals.net/pius10/p10divino.htm,papalencyclicals,https://www.papalencyclicals.net/category/pius10,
St. Pius X,Lacrimabili Statu,,1912-06-07,document,html,https://www.papalencyclicals.net/pius10/p10ind.htm,papalencyclicals,https://www.papalencyclicals.net/category/pius10,
St. Pius X,Pope St. Pius X,,1914-04-20,document,html,https://www.papalencyclicals.net/pius10/pope-st-pius-x.htm,papalencyclicals,https://www.papalencyclicals.net/category/pius10,
St.John XXIII,Ad Petri Cathedram,"On Truth, Unity and Peace in a Spirit of Charity",1959-06-29,encyclical,html,https://www.papalencyclicals.net/john23/j23petri.htm,papalencyclicals,https://www.papalencyclicals.net/john23,deduped
St.John XXIII,Sacerdotii Nostri Primordia,St. John Vianney,1959-08-01,encyclical,html,https://www.papalencyclicals.net/john23/j23sacer.htm,papalencyclicals,https://www.papalencyclicals.net/john23,deduped
St.John XXIII,Grata Recordatio,Miscellaneous Thoughts,1959-09-26,encyclical,html,https://www.papalencyclicals.net/john23/j23grata.htm,papalencyclicals,https://www.papalencyclicals.net/john23,deduped
St.John XXIII,Princeps Pastorum,The Pope as Christ's Prince of Shepherds,1959-11-28,encyclical,html,https://www.papalencyclicals.net/john23/j23princ.htm,papalencyclicals,https://www.papalencyclicals.net/john23,deduped
St.John XXIII,On Promoting Devotion to the Most Precious Blood,,1960-06-06,encyclical,html,https://www.papalencyclicals.net/john23/j23pb.htm,papalencyclicals,https://www.papalencyclicals.net/john23,deduped
St.John XXIII,Religiosorum institutio,Instruction on the Careful Selection And Training Of Candidates For The States Of Perfection And Sacred Orders,1961-02-02,encyclical,html,https://www.papalencyclicals.net/john23/j23religios.htm,papalencyclicals,https://www.papalencyclicals.net/john23,deduped
St.John XXIII,Le voci che da tutti,For the protection of St Joseph on the Second Vatican Council,1961-03-19,encyclical,html,https://www.papalencyclicals.net/john23/j23levoci.htm,papalencyclicals,https://www.papalencyclicals.net/john23,deduped
St.John XXIII,Mater Et Magistra,Church as Mother and Teacher of All Nations,1961-05-15,encyclical,html,https://www.papalencyclicals.net/john23/j23mater.htm,papalencyclicals,https://www.papalencyclicals.net/john23,deduped
St.John XXIII,Aeterna Dei Sapientia,The Eternal Wisdom of God and Pope Leo I,1961-11-11,encyclical,html,https://www.papalencyclicals.net/john23/j23aeter.htm,papalencyclicals,https://www.papalencyclicals.net/john23,deduped
St.John XXIII,Veterum Sapientia,On the Promotion of the Study of Latin,1962-02-22,encyclical,html,https://www.papalencyclicals.net/john23/j23veterum.htm,papalencyclicals,https://www.papalencyclicals.net/john23,deduped
St.John XXIII,Paenitentiam Agere,Penance for One's Sins,1962-07-01,encyclical,html,https://www.papalencyclicals.net/john23/j23paeni.htm,papalencyclicals,https://www.papalencyclicals.net/john23,deduped
St.John XXIII,Pacem In Terris,Peace on Earth,1963-04-11,encyclical,html,https://www.papalencyclicals.net/john23/j23pacem.htm,papalencyclicals,https://www.papalencyclicals.net/john23,deduped
